2025-12-04 19:19:19<pre>Bitrix\Crm\Order\Order Object
(
    [fields:protected] => Bitrix\Sale\Internals\Fields Object
        (
            [values:protected] => Array
                (
                    [ID] => 10975
                    [LID] => st
                    [ACCOUNT_NUMBER] => HL-19424
                    [TRACKING_NUMBER] => 
                    [PAY_SYSTEM_ID] => 19
                    [DELIVERY_ID] => 99
                    [DATE_INSERT] => Bitrix\Main\Type\DateTime Object
                        (
                            [value:protected] => DateTime Object
                                (
                                    [date] => 2025-12-04 19:19:16.000000
                                    [timezone_type] => 3
                                    [timezone] => Europe/Moscow
                                )

                            [userTimeEnabled:protected] => 1
                        )

                    [DATE_UPDATE] => Bitrix\Main\Type\DateTime Object
                        (
                            [value:protected] => DateTime Object
                                (
                                    [date] => 2025-12-04 19:19:16.000000
                                    [timezone_type] => 3
                                    [timezone] => Europe/Moscow
                                )

                            [userTimeEnabled:protected] => 1
                        )

                    [PERSON_TYPE_ID] => 5
                    [USER_ID] => 3533
                    [PAYED] => N
                    [IS_SYNC_B24] => N
                    [DATE_PAYED] => 
                    [EMP_PAYED_ID] => 
                    [DEDUCTED] => N
                    [DATE_DEDUCTED] => 
                    [EMP_DEDUCTED_ID] => 
                    [REASON_UNDO_DEDUCTED] => 
                    [STATUS_ID] => N
                    [DATE_STATUS] => Bitrix\Main\Type\DateTime Object
                        (
                            [value:protected] => DateTime Object
                                (
                                    [date] => 2025-12-04 19:19:15.000000
                                    [timezone_type] => 3
                                    [timezone] => Europe/Moscow
                                )

                            [userTimeEnabled:protected] => 1
                        )

                    [EMP_STATUS_ID] => 
                    [MARKED] => N
                    [DATE_MARKED] => 
                    [EMP_MARKED_ID] => 
                    [REASON_MARKED] => 
                    [PRICE_DELIVERY] => 1653
                    [ALLOW_DELIVERY] => N
                    [DATE_ALLOW_DELIVERY] => 
                    [EMP_ALLOW_DELIVERY_ID] => 
                    [RESERVED] => N
                    [PRICE] => 12553
                    [CURRENCY] => RUB
                    [DISCOUNT_VALUE] => 0
                    [TAX_VALUE] => 1816.67
                    [SUM_PAID] => 0
                    [USER_DESCRIPTION] => testtesttesttesttesttesttesttesttest
                    [PAY_VOUCHER_NUM] => 
                    [PAY_VOUCHER_DATE] => 
                    [ADDITIONAL_INFO] => 
                    [COMMENTS] => 
                    [COMPANY_ID] => 1
                    [CREATED_BY] => 
                    [RESPONSIBLE_ID] => 527
                    [STAT_GID] => 
                    [DATE_PAY_BEFORE] => 
                    [DATE_BILL] => 
                    [IS_RECURRING] => N
                    [RECURRING_ID] => 
                    [LOCKED_BY] => 
                    [DATE_LOCK] => 
                    [RECOUNT_FLAG] => Y
                    [AFFILIATE_ID] => 
                    [DELIVERY_DOC_NUM] => 
                    [DELIVERY_DOC_DATE] => 
                    [UPDATED_1C] => N
                    [ORDER_TOPIC] => 
                    [XML_ID] => bx_6931b4834c790
                    [ID_1C] => 
                    [VERSION_1C] => 
                    [VERSION] => 0
                    [EXTERNAL_ORDER] => N
                    [STORE_ID] => 
                    [CANCELED] => N
                    [EMP_CANCELED_ID] => 
                    [DATE_CANCELED] => 
                    [REASON_CANCELED] => 
                    [BX_USER_ID] => 
                    [SEARCH_CONTENT] => 10975 UY-19424 12553 grfg1@grfg.eh Битрикс Бот Тест Тест 79044247522 89044247522 9044247522 044247522 44247522 4247522 247522 47522 7522 522 grfg1 grfg eh 04.12.2025 19:19:16 grfggrfggrfggrfggrfggrfggrfggrfggrfg
                    [RUNNING] => N
                )

            [changedValues:protected] => Array
                (
                )

            [originalValues:Bitrix\Sale\Internals\Fields:private] => Array
                (
                )

            [customFields:Bitrix\Sale\Internals\Fields:private] => Array
                (
                )

            [isClone:protected] => 
        )

    [eventName:protected] => 
    [calculatedFields:protected] => Bitrix\Sale\Internals\Fields Object
        (
            [values:protected] => Array
                (
                    [USE_VAT] => Y
                    [VAT_RATE] => 0.2
                    [VAT_SUM] => 1816.67
                    [VAT_DELIVERY] => 0
                )

            [changedValues:protected] => Array
                (
                    [USE_VAT] => 1
                    [VAT_RATE] => 1
                    [VAT_SUM] => 1
                    [VAT_DELIVERY] => 1
                )

            [originalValues:Bitrix\Sale\Internals\Fields:private] => Array
                (
                    [USE_VAT] => 
                    [VAT_RATE] => 
                    [VAT_SUM] => 
                    [VAT_DELIVERY] => 
                )

            [customFields:Bitrix\Sale\Internals\Fields:private] => Array
                (
                )

            [isClone:protected] => 
        )

    [basketCollection:protected] => Bitrix\Crm\Order\Basket Object
        (
            [collection:protected] => Array
                (
                    [0] => Bitrix\Crm\Order\BasketItem Object
                        (
                            [fields:protected] => Bitrix\Sale\Internals\Fields Object
                                (
                                    [values:protected] => Array
                                        (
                                            [ID] => 55903
                                            [LID] => st
                                            [MODULE] => catalog
                                            [PRODUCT_ID] => 303766
                                            [QUANTITY] => 1.0000
                                            [WEIGHT] => 1000.00
                                            [DELAY] => N
                                            [CAN_BUY] => Y
                                            [PRICE] => 10900
                                            [CUSTOM_PRICE] => N
                                            [BASE_PRICE] => 10900
                                            [PRODUCT_PRICE_ID] => 1983
                                            [PRICE_TYPE_ID] => 4
                                            [CURRENCY] => RUB
                                            [BARCODE_MULTI] => N
                                            [RESERVED] => N
                                            [RESERVE_QUANTITY] => 
                                            [NAME] => HARZ Labs Industrial ABS V2 (1 кг)
                                            [CATALOG_XML_ID] => offerstest2
                                            [VAT_RATE] => 0.2
                                            [NOTES] => Россия, ₽
                                            [DISCOUNT_PRICE] => 0
                                            [PRODUCT_PROVIDER_CLASS] => \Bitrix\Catalog\Product\CatalogProvider
                                            [CALLBACK_FUNC] => 
                                            [ORDER_CALLBACK_FUNC] => 
                                            [PAY_CALLBACK_FUNC] => 
                                            [CANCEL_CALLBACK_FUNC] => 
                                            [DIMENSIONS] => a:3:{s:5:"WIDTH";s:3:"100";s:6:"HEIGHT";s:3:"250";s:6:"LENGTH";s:3:"100";}
                                            [TYPE] => 
                                            [SET_PARENT_ID] => 
                                            [DETAIL_PAGE_URL] => /products/materialy/industrial-abs-v2.html
                                            [FUSER_ID] => 768972
                                            [MEASURE_CODE] => 796
                                            [MEASURE_NAME] => шт
                                            [ORDER_ID] => 10975
                                            [DATE_INSERT] => Bitrix\Main\Type\DateTime Object
                                                (
                                                    [value:protected] => DateTime Object
                                                        (
                                                            [date] => 2025-12-04 19:13:08.000000
                                                            [timezone_type] => 3
                                                            [timezone] => Europe/Moscow
                                                        )

                                                    [userTimeEnabled:protected] => 1
                                                )

                                            [DATE_UPDATE] => Bitrix\Main\Type\DateTime Object
                                                (
                                                    [value:protected] => DateTime Object
                                                        (
                                                            [date] => 2025-12-04 19:19:16.000000
                                                            [timezone_type] => 3
                                                            [timezone] => Europe/Moscow
                                                        )

                                                    [userTimeEnabled:protected] => 1
                                                )

                                            [PRODUCT_XML_ID] => 303765#303766
                                            [SUBSCRIBE] => N
                                            [RECOMMENDATION] => 
                                            [VAT_INCLUDED] => Y
                                            [SORT] => 100
                                            [DATE_REFRESH] => 
                                            [DISCOUNT_NAME] => 
                                            [DISCOUNT_VALUE] => 
                                            [DISCOUNT_COUPON] => 
                                            [XML_ID] => bx_6931b314379a0
                                            [MARKING_CODE_GROUP] => 
                                        )

                                    [changedValues:protected] => Array
                                        (
                                        )

                                    [originalValues:Bitrix\Sale\Internals\Fields:private] => Array
                                        (
                                        )

                                    [customFields:Bitrix\Sale\Internals\Fields:private] => Array
                                        (
                                        )

                                    [isClone:protected] => 
                                )

                            [eventName:protected] => 
                            [collection:protected] => Bitrix\Crm\Order\Basket Object
 *RECURSION*
                            [internalIndex:protected] => 0
                            [isClone:protected] => 
                            [propertyCollection:protected] => Bitrix\Crm\Order\BasketPropertiesCollection Object
                                (
                                    [collection:protected] => Array
                                        (
                                            [0] => Bitrix\Crm\Order\BasketPropertyItem Object
                                                (
                                                    [fields:protected] => Bitrix\Sale\Internals\Fields Object
                                                        (
                                                            [values:protected] => Array
                                                                (
                                                                    [ID] => 178886
                                                                    [BASKET_ID] => 55903
                                                                    [NAME] => Color
                                                                    [VALUE] => Dark Grey
                                                                    [CODE] => COLOR
                                                                    [SORT] => 1
                                                                    [XML_ID] => bx_6931b31437afe
                                                                )

                                                            [changedValues:protected] => Array
                                                                (
                                                                )

                                                            [originalValues:Bitrix\Sale\Internals\Fields:private] => Array
                                                                (
                                                                )

                                                            [customFields:Bitrix\Sale\Internals\Fields:private] => Array
                                                                (
                                                                )

                                                            [isClone:protected] => 
                                                        )

                                                    [eventName:protected] => 
                                                    [collection:protected] => Bitrix\Crm\Order\BasketPropertiesCollection Object
 *RECURSION*
                                                    [internalIndex:protected] => 0
                                                    [isClone:protected] => 
                                                )

                                            [1] => Bitrix\Crm\Order\BasketPropertyItem Object
                                                (
                                                    [fields:protected] => Bitrix\Sale\Internals\Fields Object
                                                        (
                                                            [values:protected] => Array
                                                                (
                                                                    [ID] => 178887
                                                                    [BASKET_ID] => 55903
                                                                    [NAME] => Volume
                                                                    [VALUE] => 1 кг
                                                                    [CODE] => VOLUME
                                                                    [SORT] => 2
                                                                    [XML_ID] => bx_6931b31437b9e
                                                                )

                                                            [changedValues:protected] => Array
                                                                (
                                                                )

                                                            [originalValues:Bitrix\Sale\Internals\Fields:private] => Array
                                                                (
                                                                )

                                                            [customFields:Bitrix\Sale\Internals\Fields:private] => Array
                                                                (
                                                                )

                                                            [isClone:protected] => 
                                                        )

                                                    [eventName:protected] => 
                                                    [collection:protected] => Bitrix\Crm\Order\BasketPropertiesCollection Object
 *RECURSION*
                                                    [internalIndex:protected] => 1
                                                    [isClone:protected] => 
                                                )

                                            [2] => Bitrix\Crm\Order\BasketPropertyItem Object
                                                (
                                                    [fields:protected] => Bitrix\Sale\Internals\Fields Object
                                                        (
                                                            [values:protected] => Array
                                                                (
                                                                    [ID] => 178888
                                                                    [BASKET_ID] => 55903
                                                                    [NAME] => Catalog XML_ID
                                                                    [VALUE] => offerstest2
                                                                    [CODE] => CATALOG.XML_ID
                                                                    [SORT] => 100
                                                                    [XML_ID] => bx_6931b31437bc6
                                                                )

                                                            [changedValues:protected] => Array
                                                                (
                                                                )

                                                            [originalValues:Bitrix\Sale\Internals\Fields:private] => Array
                                                                (
                                                                )

                                                            [customFields:Bitrix\Sale\Internals\Fields:private] => Array
                                                                (
                                                                )

                                                            [isClone:protected] => 
                                                        )

                                                    [eventName:protected] => 
                                                    [collection:protected] => Bitrix\Crm\Order\BasketPropertiesCollection Object
 *RECURSION*
                                                    [internalIndex:protected] => 2
                                                    [isClone:protected] => 
                                                )

                                            [3] => Bitrix\Crm\Order\BasketPropertyItem Object
                                                (
                                                    [fields:protected] => Bitrix\Sale\Internals\Fields Object
                                                        (
                                                            [values:protected] => Array
                                                                (
                                                                    [ID] => 178889
                                                                    [BASKET_ID] => 55903
                                                                    [NAME] => Product XML_ID
                                                                    [VALUE] => 303765#303766
                                                                    [CODE] => PRODUCT.XML_ID
                                                                    [SORT] => 100
                                                                    [XML_ID] => bx_6931b31437be5
                                                                )

                                                            [changedValues:protected] => Array
                                                                (
                                                                )

                                                            [originalValues:Bitrix\Sale\Internals\Fields:private] => Array
                                                                (
                                                                )

                                                            [customFields:Bitrix\Sale\Internals\Fields:private] => Array
                                                                (
                                                                )

                                                            [isClone:protected] => 
                                                        )

                                                    [eventName:protected] => 
                                                    [collection:protected] => Bitrix\Crm\Order\BasketPropertiesCollection Object
 *RECURSION*
                                                    [internalIndex:protected] => 3
                                                    [isClone:protected] => 
                                                )

                                        )

                                    [index:Bitrix\Sale\Internals\EntityCollection:private] => 3
                                    [isClone:protected] => 
                                    [anyItemDeleted:protected] => 
                                    [anyItemAdded:protected] => 1
                                    [basketItem:protected] => Bitrix\Crm\Order\BasketItem Object
 *RECURSION*
                                )

                            [calculatedFields:protected] => Bitrix\Sale\Internals\Fields Object
                                (
                                    [values:protected] => Array
                                        (
                                        )

                                    [changedValues:protected] => Array
                                        (
                                        )

                                    [originalValues:Bitrix\Sale\Internals\Fields:private] => Array
                                        (
                                        )

                                    [customFields:Bitrix\Sale\Internals\Fields:private] => Array
                                        (
                                        )

                                    [isClone:protected] => 
                                )

                            [provider:protected] => 
                            [internalId:protected] => 55903
                            [bundleCollection:Bitrix\Sale\BasketItem:private] => 
                            [reserveQuantityCollection:protected] => 
                        )

                )

            [index:Bitrix\Sale\Internals\EntityCollection:private] => 0
            [isClone:protected] => 
            [anyItemDeleted:protected] => 
            [anyItemAdded:protected] => 
            [siteId:protected] => st
            [fUserId:protected] => 768972
            [order:protected] => Bitrix\Crm\Order\Order Object
 *RECURSION*
            [basketItemIndexMap:protected] => Array
                (
                    [55903] => 0
                )

            [maxItemSort:protected] => 
            [isLoadForFUserId:Bitrix\Sale\BasketBase:private] => 
            [isSaveExecuting:protected] => 
        )

    [propertyCollection:protected] => Bitrix\Crm\Order\PropertyValueCollection Object
        (
            [collection:protected] => Array
                (
                    [0] => Bitrix\Crm\Order\PropertyValue Object
                        (
                            [fields:protected] => Bitrix\Sale\Internals\Fields Object
                                (
                                    [values:protected] => Array
                                        (
                                            [ID] => 160210
                                            [NAME] => Местоположение
                                            [VALUE] => 0000426112
                                            [CODE] => LOCATION
                                            [ORDER_PROPS_ID] => 49
                                        )

                                    [changedValues:protected] => Array
                                        (
                                        )

                                    [originalValues:Bitrix\Sale\Internals\Fields:private] => Array
                                        (
                                        )

                                    [customFields:Bitrix\Sale\Internals\Fields:private] => Array
                                        (
                                        )

                                    [isClone:protected] => 
                                )

                            [eventName:protected] => 
                            [collection:protected] => Bitrix\Crm\Order\PropertyValueCollection Object
 *RECURSION*
                            [internalIndex:protected] => 0
                            [isClone:protected] => 
                            [property:protected] => Bitrix\Crm\Order\Property Object
                                (
                                    [fields:protected] => Array
                                        (
                                            [ID] => 49
                                            [PERSON_TYPE_ID] => 5
                                            [NAME] => Местоположение
                                            [TYPE] => LOCATION
                                            [REQUIRED] => Y
                                            [DEFAULT_VALUE] => 0000073738
                                            [SORT] => 10
                                            [USER_PROPS] => Y
                                            [IS_LOCATION] => Y
                                            [PROPS_GROUP_ID] => 11
                                            [DESCRIPTION] => 
                                            [IS_EMAIL] => N
                                            [IS_PROFILE_NAME] => N
                                            [IS_PAYER] => N
                                            [IS_LOCATION4TAX] => Y
                                            [IS_FILTERED] => Y
                                            [CODE] => LOCATION
                                            [IS_ZIP] => N
                                            [IS_PHONE] => N
                                            [IS_ADDRESS] => N
                                            [IS_ADDRESS_FROM] => N
                                            [IS_ADDRESS_TO] => N
                                            [ACTIVE] => Y
                                            [UTIL] => N
                                            [INPUT_FIELD_LOCATION] => 0
                                            [MULTIPLE] => N
                                            [ENTITY_TYPE] => ORDER
                                            [RELATION] => Array
                                                (
                                                )

                                        )

                                )

                        )

                    [1] => Bitrix\Crm\Order\PropertyValue Object
                        (
                            [fields:protected] => Bitrix\Sale\Internals\Fields Object
                                (
                                    [values:protected] => Array
                                        (
                                            [ID] => 160211
                                            [NAME] => ФИО
                                            [VALUE] => 
                                            [CODE] => NAME
                                            [ORDER_PROPS_ID] => 103
                                        )

                                    [changedValues:protected] => Array
                                        (
                                        )

                                    [originalValues:Bitrix\Sale\Internals\Fields:private] => Array
                                        (
                                        )

                                    [customFields:Bitrix\Sale\Internals\Fields:private] => Array
                                        (
                                        )

                                    [isClone:protected] => 
                                )

                            [eventName:protected] => 
                            [collection:protected] => Bitrix\Crm\Order\PropertyValueCollection Object
 *RECURSION*
                            [internalIndex:protected] => 1
                            [isClone:protected] => 
                            [property:protected] => Bitrix\Crm\Order\Property Object
                                (
                                    [fields:protected] => Array
                                        (
                                            [ID] => 103
                                            [PERSON_TYPE_ID] => 5
                                            [NAME] => ФИО
                                            [TYPE] => STRING
                                            [REQUIRED] => Y
                                            [DEFAULT_VALUE] => 
                                            [SORT] => 20
                                            [USER_PROPS] => Y
                                            [IS_LOCATION] => N
                                            [PROPS_GROUP_ID] => 9
                                            [DESCRIPTION] => 
                                            [IS_EMAIL] => N
                                            [IS_PROFILE_NAME] => Y
                                            [IS_PAYER] => Y
                                            [IS_LOCATION4TAX] => N
                                            [IS_FILTERED] => N
                                            [CODE] => NAME
                                            [IS_ZIP] => N
                                            [IS_PHONE] => N
                                            [IS_ADDRESS] => N
                                            [IS_ADDRESS_FROM] => N
                                            [IS_ADDRESS_TO] => N
                                            [ACTIVE] => Y
                                            [UTIL] => Y
                                            [INPUT_FIELD_LOCATION] => 0
                                            [MULTIPLE] => N
                                            [ENTITY_TYPE] => ORDER
                                            [MINLENGTH] => 
                                            [MAXLENGTH] => 
                                            [PATTERN] => 
                                            [MULTILINE] => N
                                            [SIZE] => 
                                            [RELATION] => Array
                                                (
                                                )

                                        )

                                )

                        )

                    [2] => Bitrix\Crm\Order\PropertyValue Object
                        (
                            [fields:protected] => Bitrix\Sale\Internals\Fields Object
                                (
                                    [values:protected] => Array
                                        (
                                            [ID] => 160212
                                            [NAME] => ФИО
                                            [VALUE] => 
                                            [CODE] => CONTACT_FULL_NAME
                                            [ORDER_PROPS_ID] => 144
                                        )

                                    [changedValues:protected] => Array
                                        (
                                        )

                                    [originalValues:Bitrix\Sale\Internals\Fields:private] => Array
                                        (
                                        )

                                    [customFields:Bitrix\Sale\Internals\Fields:private] => Array
                                        (
                                        )

                                    [isClone:protected] => 
                                )

                            [eventName:protected] => 
                            [collection:protected] => Bitrix\Crm\Order\PropertyValueCollection Object
 *RECURSION*
                            [internalIndex:protected] => 2
                            [isClone:protected] => 
                            [property:protected] => Bitrix\Crm\Order\Property Object
                                (
                                    [fields:protected] => Array
                                        (
                                            [ID] => 144
                                            [PERSON_TYPE_ID] => 5
                                            [NAME] => ФИО
                                            [TYPE] => STRING
                                            [REQUIRED] => N
                                            [DEFAULT_VALUE] => 
                                            [SORT] => 20
                                            [USER_PROPS] => Y
                                            [IS_LOCATION] => N
                                            [PROPS_GROUP_ID] => 9
                                            [DESCRIPTION] => 
                                            [IS_EMAIL] => N
                                            [IS_PROFILE_NAME] => N
                                            [IS_PAYER] => N
                                            [IS_LOCATION4TAX] => N
                                            [IS_FILTERED] => N
                                            [CODE] => CONTACT_FULL_NAME
                                            [IS_ZIP] => N
                                            [IS_PHONE] => N
                                            [IS_ADDRESS] => N
                                            [IS_ADDRESS_FROM] => N
                                            [IS_ADDRESS_TO] => N
                                            [ACTIVE] => Y
                                            [UTIL] => Y
                                            [INPUT_FIELD_LOCATION] => 0
                                            [MULTIPLE] => N
                                            [ENTITY_TYPE] => ORDER
                                            [RELATION] => Array
                                                (
                                                )

                                        )

                                )

                        )

                    [3] => Bitrix\Crm\Order\PropertyValue Object
                        (
                            [fields:protected] => Bitrix\Sale\Internals\Fields Object
                                (
                                    [values:protected] => Array
                                        (
                                            [ID] => 160213
                                            [NAME] => Имя
                                            [VALUE] => Тест
                                            [CODE] => CONTACT_NAME
                                            [ORDER_PROPS_ID] => 150
                                        )

                                    [changedValues:protected] => Array
                                        (
                                        )

                                    [originalValues:Bitrix\Sale\Internals\Fields:private] => Array
                                        (
                                        )

                                    [customFields:Bitrix\Sale\Internals\Fields:private] => Array
                                        (
                                        )

                                    [isClone:protected] => 
                                )

                            [eventName:protected] => 
                            [collection:protected] => Bitrix\Crm\Order\PropertyValueCollection Object
 *RECURSION*
                            [internalIndex:protected] => 3
                            [isClone:protected] => 
                            [property:protected] => Bitrix\Crm\Order\Property Object
                                (
                                    [fields:protected] => Array
                                        (
                                            [ID] => 150
                                            [PERSON_TYPE_ID] => 5
                                            [NAME] => Имя
                                            [TYPE] => STRING
                                            [REQUIRED] => Y
                                            [DEFAULT_VALUE] => 
                                            [SORT] => 20
                                            [USER_PROPS] => Y
                                            [IS_LOCATION] => N
                                            [PROPS_GROUP_ID] => 9
                                            [DESCRIPTION] => 
                                            [IS_EMAIL] => N
                                            [IS_PROFILE_NAME] => N
                                            [IS_PAYER] => N
                                            [IS_LOCATION4TAX] => N
                                            [IS_FILTERED] => N
                                            [CODE] => CONTACT_NAME
                                            [IS_ZIP] => N
                                            [IS_PHONE] => N
                                            [IS_ADDRESS] => N
                                            [IS_ADDRESS_FROM] => N
                                            [IS_ADDRESS_TO] => N
                                            [ACTIVE] => Y
                                            [UTIL] => N
                                            [INPUT_FIELD_LOCATION] => 0
                                            [MULTIPLE] => N
                                            [ENTITY_TYPE] => ORDER
                                            [RELATION] => Array
                                                (
                                                )

                                        )

                                )

                        )

                    [4] => Bitrix\Crm\Order\PropertyValue Object
                        (
                            [fields:protected] => Bitrix\Sale\Internals\Fields Object
                                (
                                    [values:protected] => Array
                                        (
                                            [ID] => 160214
                                            [NAME] => Фамилия
                                            [VALUE] => Тест
                                            [CODE] => CONTACT_LAST_NAME
                                            [ORDER_PROPS_ID] => 151
                                        )

                                    [changedValues:protected] => Array
                                        (
                                        )

                                    [originalValues:Bitrix\Sale\Internals\Fields:private] => Array
                                        (
                                        )

                                    [customFields:Bitrix\Sale\Internals\Fields:private] => Array
                                        (
                                        )

                                    [isClone:protected] => 
                                )

                            [eventName:protected] => 
                            [collection:protected] => Bitrix\Crm\Order\PropertyValueCollection Object
 *RECURSION*
                            [internalIndex:protected] => 4
                            [isClone:protected] => 
                            [property:protected] => Bitrix\Crm\Order\Property Object
                                (
                                    [fields:protected] => Array
                                        (
                                            [ID] => 151
                                            [PERSON_TYPE_ID] => 5
                                            [NAME] => Фамилия
                                            [TYPE] => STRING
                                            [REQUIRED] => Y
                                            [DEFAULT_VALUE] => 
                                            [SORT] => 30
                                            [USER_PROPS] => Y
                                            [IS_LOCATION] => N
                                            [PROPS_GROUP_ID] => 9
                                            [DESCRIPTION] => 
                                            [IS_EMAIL] => N
                                            [IS_PROFILE_NAME] => N
                                            [IS_PAYER] => N
                                            [IS_LOCATION4TAX] => N
                                            [IS_FILTERED] => N
                                            [CODE] => CONTACT_LAST_NAME
                                            [IS_ZIP] => N
                                            [IS_PHONE] => N
                                            [IS_ADDRESS] => N
                                            [IS_ADDRESS_FROM] => N
                                            [IS_ADDRESS_TO] => N
                                            [ACTIVE] => Y
                                            [UTIL] => N
                                            [INPUT_FIELD_LOCATION] => 0
                                            [MULTIPLE] => N
                                            [ENTITY_TYPE] => ORDER
                                            [MINLENGTH] => 
                                            [MAXLENGTH] => 
                                            [PATTERN] => 
                                            [MULTILINE] => N
                                            [SIZE] => 
                                            [RELATION] => Array
                                                (
                                                )

                                        )

                                )

                        )

                    [5] => Bitrix\Crm\Order\PropertyValue Object
                        (
                            [fields:protected] => Bitrix\Sale\Internals\Fields Object
                                (
                                    [values:protected] => Array
                                        (
                                            [ID] => 160218
                                            [NAME] => E-Mail
                                            [VALUE] => test1@test.ru
                                            [CODE] => EMAIL
                                            [ORDER_PROPS_ID] => 41
                                        )

                                    [changedValues:protected] => Array
                                        (
                                        )

                                    [originalValues:Bitrix\Sale\Internals\Fields:private] => Array
                                        (
                                        )

                                    [customFields:Bitrix\Sale\Internals\Fields:private] => Array
                                        (
                                        )

                                    [isClone:protected] => 
                                )

                            [eventName:protected] => 
                            [collection:protected] => Bitrix\Crm\Order\PropertyValueCollection Object
 *RECURSION*
                            [internalIndex:protected] => 5
                            [isClone:protected] => 
                            [property:protected] => Bitrix\Crm\Order\Property Object
                                (
                                    [fields:protected] => Array
                                        (
                                            [ID] => 41
                                            [PERSON_TYPE_ID] => 5
                                            [NAME] => E-Mail
                                            [TYPE] => STRING
                                            [REQUIRED] => Y
                                            [DEFAULT_VALUE] => 
                                            [SORT] => 40
                                            [USER_PROPS] => Y
                                            [IS_LOCATION] => N
                                            [PROPS_GROUP_ID] => 9
                                            [DESCRIPTION] => 
                                            [IS_EMAIL] => Y
                                            [IS_PROFILE_NAME] => Y
                                            [IS_PAYER] => N
                                            [IS_LOCATION4TAX] => N
                                            [IS_FILTERED] => Y
                                            [CODE] => EMAIL
                                            [IS_ZIP] => N
                                            [IS_PHONE] => N
                                            [IS_ADDRESS] => N
                                            [IS_ADDRESS_FROM] => N
                                            [IS_ADDRESS_TO] => N
                                            [ACTIVE] => Y
                                            [UTIL] => N
                                            [INPUT_FIELD_LOCATION] => 0
                                            [MULTIPLE] => N
                                            [ENTITY_TYPE] => ORDER
                                            [MINLENGTH] => 
                                            [MAXLENGTH] => 
                                            [PATTERN] => 
                                            [MULTILINE] => N
                                            [SIZE] => 40
                                            [RELATION] => Array
                                                (
                                                    [0] => Array
                                                        (
                                                            [PROPERTY_ID] => 41
                                                            [ENTITY_ID] => 3
                                                            [ENTITY_TYPE] => D
                                                        )

                                                    [1] => Array
                                                        (
                                                            [PROPERTY_ID] => 41
                                                            [ENTITY_ID] => 55
                                                            [ENTITY_TYPE] => D
                                                        )

                                                    [2] => Array
                                                        (
                                                            [PROPERTY_ID] => 41
                                                            [ENTITY_ID] => 56
                                                            [ENTITY_TYPE] => D
                                                        )

                                                    [3] => Array
                                                        (
                                                            [PROPERTY_ID] => 41
                                                            [ENTITY_ID] => 60
                                                            [ENTITY_TYPE] => D
                                                        )

                                                    [4] => Array
                                                        (
                                                            [PROPERTY_ID] => 41
                                                            [ENTITY_ID] => 99
                                                            [ENTITY_TYPE] => D
                                                        )

                                                )

                                        )

                                )

                        )

                    [6] => Bitrix\Crm\Order\PropertyValue Object
                        (
                            [fields:protected] => Bitrix\Sale\Internals\Fields Object
                                (
                                    [values:protected] => Array
                                        (
                                            [ID] => 160219
                                            [NAME] => Телефон
                                            [VALUE] => 79044247522
                                            [CODE] => PHONE
                                            [ORDER_PROPS_ID] => 43
                                        )

                                    [changedValues:protected] => Array
                                        (
                                        )

                                    [originalValues:Bitrix\Sale\Internals\Fields:private] => Array
                                        (
                                        )

                                    [customFields:Bitrix\Sale\Internals\Fields:private] => Array
                                        (
                                        )

                                    [isClone:protected] => 
                                )

                            [eventName:protected] => 
                            [collection:protected] => Bitrix\Crm\Order\PropertyValueCollection Object
 *RECURSION*
                            [internalIndex:protected] => 6
                            [isClone:protected] => 
                            [property:protected] => Bitrix\Crm\Order\Property Object
                                (
                                    [fields:protected] => Array
                                        (
                                            [ID] => 43
                                            [PERSON_TYPE_ID] => 5
                                            [NAME] => Телефон
                                            [TYPE] => STRING
                                            [REQUIRED] => Y
                                            [DEFAULT_VALUE] => 
                                            [SORT] => 60
                                            [USER_PROPS] => Y
                                            [IS_LOCATION] => N
                                            [PROPS_GROUP_ID] => 9
                                            [DESCRIPTION] => 
                                            [IS_EMAIL] => N
                                            [IS_PROFILE_NAME] => N
                                            [IS_PAYER] => N
                                            [IS_LOCATION4TAX] => N
                                            [IS_FILTERED] => N
                                            [CODE] => PHONE
                                            [IS_ZIP] => N
                                            [IS_PHONE] => Y
                                            [IS_ADDRESS] => N
                                            [IS_ADDRESS_FROM] => N
                                            [IS_ADDRESS_TO] => N
                                            [ACTIVE] => Y
                                            [UTIL] => N
                                            [INPUT_FIELD_LOCATION] => 0
                                            [MULTIPLE] => N
                                            [ENTITY_TYPE] => ORDER
                                            [MINLENGTH] => 
                                            [MAXLENGTH] => 
                                            [PATTERN] => 
                                            [MULTILINE] => N
                                            [SIZE] => 
                                            [RELATION] => Array
                                                (
                                                    [0] => Array
                                                        (
                                                            [PROPERTY_ID] => 43
                                                            [ENTITY_ID] => 3
                                                            [ENTITY_TYPE] => D
                                                        )

                                                    [1] => Array
                                                        (
                                                            [PROPERTY_ID] => 43
                                                            [ENTITY_ID] => 55
                                                            [ENTITY_TYPE] => D
                                                        )

                                                    [2] => Array
                                                        (
                                                            [PROPERTY_ID] => 43
                                                            [ENTITY_ID] => 56
                                                            [ENTITY_TYPE] => D
                                                        )

                                                    [3] => Array
                                                        (
                                                            [PROPERTY_ID] => 43
                                                            [ENTITY_ID] => 60
                                                            [ENTITY_TYPE] => D
                                                        )

                                                    [4] => Array
                                                        (
                                                            [PROPERTY_ID] => 43
                                                            [ENTITY_ID] => 99
                                                            [ENTITY_TYPE] => D
                                                        )

                                                )

                                        )

                                )

                        )

                    [7] => Bitrix\Crm\Order\PropertyValue Object
                        (
                            [fields:protected] => Bitrix\Sale\Internals\Fields Object
                                (
                                    [values:protected] => Array
                                        (
                                            [ID] => 160215
                                            [NAME] => Рассчитанный тариф СДЭК
                                            [VALUE] => 137
                                            [CODE] => IPOLSDEK_CNTDTARIF
                                            [ORDER_PROPS_ID] => 90
                                        )

                                    [changedValues:protected] => Array
                                        (
                                        )

                                    [originalValues:Bitrix\Sale\Internals\Fields:private] => Array
                                        (
                                        )

                                    [customFields:Bitrix\Sale\Internals\Fields:private] => Array
                                        (
                                        )

                                    [isClone:protected] => 
                                )

                            [eventName:protected] => 
                            [collection:protected] => Bitrix\Crm\Order\PropertyValueCollection Object
 *RECURSION*
                            [internalIndex:protected] => 7
                            [isClone:protected] => 
                            [property:protected] => Bitrix\Crm\Order\Property Object
                                (
                                    [fields:protected] => Array
                                        (
                                            [ID] => 90
                                            [PERSON_TYPE_ID] => 5
                                            [NAME] => Рассчитанный тариф СДЭК
                                            [TYPE] => STRING
                                            [REQUIRED] => N
                                            [DEFAULT_VALUE] => 
                                            [SORT] => 100
                                            [USER_PROPS] => N
                                            [IS_LOCATION] => N
                                            [PROPS_GROUP_ID] => 9
                                            [DESCRIPTION] => В свойство записывается id тарифа СДЭК, что был выбран при оформлении заказа.
                                            [IS_EMAIL] => N
                                            [IS_PROFILE_NAME] => N
                                            [IS_PAYER] => N
                                            [IS_LOCATION4TAX] => N
                                            [IS_FILTERED] => Y
                                            [CODE] => IPOLSDEK_CNTDTARIF
                                            [IS_ZIP] => N
                                            [IS_PHONE] => N
                                            [IS_ADDRESS] => N
                                            [IS_ADDRESS_FROM] => N
                                            [IS_ADDRESS_TO] => N
                                            [ACTIVE] => Y
                                            [UTIL] => Y
                                            [INPUT_FIELD_LOCATION] => 0
                                            [MULTIPLE] => N
                                            [ENTITY_TYPE] => ORDER
                                            [SIZE] => 10
                                            [RELATION] => Array
                                                (
                                                )

                                        )

                                )

                        )

                    [8] => Bitrix\Crm\Order\PropertyValue Object
                        (
                            [fields:protected] => Bitrix\Sale\Internals\Fields Object
                                (
                                    [values:protected] => Array
                                        (
                                            [ID] => 160220
                                            [NAME] => Терминал
                                            [VALUE] => 6
                                            [CODE] => TERMINAL_ID
                                            [ORDER_PROPS_ID] => 132
                                        )

                                    [changedValues:protected] => Array
                                        (
                                        )

                                    [originalValues:Bitrix\Sale\Internals\Fields:private] => Array
                                        (
                                        )

                                    [customFields:Bitrix\Sale\Internals\Fields:private] => Array
                                        (
                                        )

                                    [isClone:protected] => 
                                )

                            [eventName:protected] => 
                            [collection:protected] => Bitrix\Crm\Order\PropertyValueCollection Object
 *RECURSION*
                            [internalIndex:protected] => 8
                            [isClone:protected] => 
                            [property:protected] => Bitrix\Crm\Order\Property Object
                                (
                                    [fields:protected] => Array
                                        (
                                            [ID] => 132
                                            [PERSON_TYPE_ID] => 5
                                            [NAME] => Терминал
                                            [TYPE] => NUMBER
                                            [REQUIRED] => N
                                            [DEFAULT_VALUE] => 
                                            [SORT] => 100
                                            [USER_PROPS] => Y
                                            [IS_LOCATION] => N
                                            [PROPS_GROUP_ID] => 11
                                            [DESCRIPTION] => 
                                            [IS_EMAIL] => N
                                            [IS_PROFILE_NAME] => N
                                            [IS_PAYER] => N
                                            [IS_LOCATION4TAX] => N
                                            [IS_FILTERED] => N
                                            [CODE] => TERMINAL_ID
                                            [IS_ZIP] => N
                                            [IS_PHONE] => N
                                            [IS_ADDRESS] => N
                                            [IS_ADDRESS_FROM] => N
                                            [IS_ADDRESS_TO] => N
                                            [ACTIVE] => Y
                                            [UTIL] => N
                                            [INPUT_FIELD_LOCATION] => 0
                                            [MULTIPLE] => N
                                            [ENTITY_TYPE] => ORDER
                                            [MIN] => 
                                            [MAX] => 
                                            [STEP] => 
                                            [RELATION] => Array
                                                (
                                                    [0] => Array
                                                        (
                                                            [PROPERTY_ID] => 132
                                                            [ENTITY_ID] => 60
                                                            [ENTITY_TYPE] => D
                                                        )

                                                    [1] => Array
                                                        (
                                                            [PROPERTY_ID] => 132
                                                            [ENTITY_ID] => 99
                                                            [ENTITY_TYPE] => D
                                                        )

                                                )

                                        )

                                )

                        )

                    [9] => Bitrix\Crm\Order\PropertyValue Object
                        (
                            [fields:protected] => Bitrix\Sale\Internals\Fields Object
                                (
                                    [values:protected] => Array
                                        (
                                            [ID] => 160216
                                            [NAME] => Id заказа в Dostavista
                                            [VALUE] => 
                                            [CODE] => DOSTAVISTA_ORDER_ID
                                            [ORDER_PROPS_ID] => 175
                                        )

                                    [changedValues:protected] => Array
                                        (
                                        )

                                    [originalValues:Bitrix\Sale\Internals\Fields:private] => Array
                                        (
                                        )

                                    [customFields:Bitrix\Sale\Internals\Fields:private] => Array
                                        (
                                        )

                                    [isClone:protected] => 
                                )

                            [eventName:protected] => 
                            [collection:protected] => Bitrix\Crm\Order\PropertyValueCollection Object
 *RECURSION*
                            [internalIndex:protected] => 9
                            [isClone:protected] => 
                            [property:protected] => Bitrix\Crm\Order\Property Object
                                (
                                    [fields:protected] => Array
                                        (
                                            [ID] => 175
                                            [PERSON_TYPE_ID] => 5
                                            [NAME] => Id заказа в Dostavista
                                            [TYPE] => STRING
                                            [REQUIRED] => N
                                            [DEFAULT_VALUE] => 
                                            [SORT] => 1300
                                            [USER_PROPS] => N
                                            [IS_LOCATION] => N
                                            [PROPS_GROUP_ID] => 1
                                            [DESCRIPTION] => Id заказа в Dostavista
                                            [IS_EMAIL] => N
                                            [IS_PROFILE_NAME] => N
                                            [IS_PAYER] => N
                                            [IS_LOCATION4TAX] => N
                                            [IS_FILTERED] => Y
                                            [CODE] => DOSTAVISTA_ORDER_ID
                                            [IS_ZIP] => N
                                            [IS_PHONE] => N
                                            [IS_ADDRESS] => N
                                            [IS_ADDRESS_FROM] => N
                                            [IS_ADDRESS_TO] => N
                                            [ACTIVE] => Y
                                            [UTIL] => Y
                                            [INPUT_FIELD_LOCATION] => 0
                                            [MULTIPLE] => N
                                            [ENTITY_TYPE] => ORDER
                                            [RELATION] => Array
                                                (
                                                )

                                        )

                                )

                        )

                    [10] => Bitrix\Crm\Order\PropertyValue Object
                        (
                            [fields:protected] => Bitrix\Sale\Internals\Fields Object
                                (
                                    [values:protected] => Array
                                        (
                                            [ID] => 160217
                                            [NAME] => Данные курьера заказа Dostavista
                                            [VALUE] => 
                                            [CODE] => DOSTAVISTA_COURIER
                                            [ORDER_PROPS_ID] => 176
                                        )

                                    [changedValues:protected] => Array
                                        (
                                        )

                                    [originalValues:Bitrix\Sale\Internals\Fields:private] => Array
                                        (
                                        )

                                    [customFields:Bitrix\Sale\Internals\Fields:private] => Array
                                        (
                                        )

                                    [isClone:protected] => 
                                )

                            [eventName:protected] => 
                            [collection:protected] => Bitrix\Crm\Order\PropertyValueCollection Object
 *RECURSION*
                            [internalIndex:protected] => 10
                            [isClone:protected] => 
                            [property:protected] => Bitrix\Crm\Order\Property Object
                                (
                                    [fields:protected] => Array
                                        (
                                            [ID] => 176
                                            [PERSON_TYPE_ID] => 5
                                            [NAME] => Данные курьера заказа Dostavista
                                            [TYPE] => STRING
                                            [REQUIRED] => N
                                            [DEFAULT_VALUE] => 
                                            [SORT] => 1400
                                            [USER_PROPS] => N
                                            [IS_LOCATION] => N
                                            [PROPS_GROUP_ID] => 1
                                            [DESCRIPTION] => Данные курьера заказа Dostavista
                                            [IS_EMAIL] => N
                                            [IS_PROFILE_NAME] => N
                                            [IS_PAYER] => N
                                            [IS_LOCATION4TAX] => N
                                            [IS_FILTERED] => Y
                                            [CODE] => DOSTAVISTA_COURIER
                                            [IS_ZIP] => N
                                            [IS_PHONE] => N
                                            [IS_ADDRESS] => N
                                            [IS_ADDRESS_FROM] => N
                                            [IS_ADDRESS_TO] => N
                                            [ACTIVE] => Y
                                            [UTIL] => Y
                                            [INPUT_FIELD_LOCATION] => 0
                                            [MULTIPLE] => N
                                            [ENTITY_TYPE] => ORDER
                                            [RELATION] => Array
                                                (
                                                )

                                        )

                                )

                        )

                )

            [index:Bitrix\Sale\Internals\EntityCollection:private] => 10
            [isClone:protected] => 
            [anyItemDeleted:protected] => 
            [anyItemAdded:protected] => 
            [order:protected] => Bitrix\Crm\Order\Order Object
 *RECURSION*
        )

    [discount:protected] => Bitrix\Crm\Order\Discount Object
        (
            [isClone:protected] => 
            [orderRefresh:protected] => 
            [newOrder:protected] => 
            [useMode:protected] => 2
            [context:protected] => Bitrix\Sale\Discount\Context\User Object
                (
                    [userId:protected] => 3533
                    [userGroups:protected] => Array
                        (
                            [0] => 2
                            [1] => 3
                            [2] => 4
                            [3] => 23
                        )

                    [userGroupsHash:protected] => c5cc41d231bb72184a591df7084568a6
                )

            [order:protected] => Bitrix\Crm\Order\Order Object
 *RECURSION*
            [executeModuleFilter:protected] => Array
                (
                    [0] => all
                    [1] => sale
                    [2] => catalog
                )

            [loadedModules:protected] => Array
                (
                )

            [discountIds:protected] => 
            [saleDiscountCache:protected] => Array
                (
                )

            [saleDiscountCacheKey:protected] => 
            [basket:protected] => 
            [orderData:protected] => Array
                (
                    [ID] => 10975
                    [USER_ID] => 3533
                    [USER_GROUPS] => Array
                        (
                            [0] => 2
                            [1] => 3
                            [2] => 4
                            [3] => 23
                        )

                    [SITE_ID] => st
                    [LID] => st
                    [ORDER_PRICE] => 12553
                    [ORDER_WEIGHT] => 1000
                    [CURRENCY] => RUB
                    [PERSON_TYPE_ID] => 5
                    [RECURRING_ID] => 
                    [BASKET_ITEMS] => Array
                        (
                            [55903] => Array
                                (
                                    [ID] => 55903
                                    [LID] => st
                                    [MODULE] => catalog
                                    [PRODUCT_ID] => 303766
                                    [QUANTITY] => 1.0000
                                    [WEIGHT] => 1000.00
                                    [DELAY] => N
                                    [CAN_BUY] => Y
                                    [PRICE] => 10900
                                    [CUSTOM_PRICE] => N
                                    [BASE_PRICE] => 10900
                                    [PRODUCT_PRICE_ID] => 1983
                                    [PRICE_TYPE_ID] => 4
                                    [CURRENCY] => RUB
                                    [BARCODE_MULTI] => N
                                    [RESERVED] => N
                                    [RESERVE_QUANTITY] => 
                                    [NAME] => HARZ Labs Industrial ABS V2 (1 кг)
                                    [CATALOG_XML_ID] => offerstest2
                                    [VAT_RATE] => 0.2
                                    [NOTES] => Россия, ₽
                                    [DISCOUNT_PRICE] => 0
                                    [PRODUCT_PROVIDER_CLASS] => \Bitrix\Catalog\Product\CatalogProvider
                                    [CALLBACK_FUNC] => 
                                    [ORDER_CALLBACK_FUNC] => 
                                    [PAY_CALLBACK_FUNC] => 
                                    [CANCEL_CALLBACK_FUNC] => 
                                    [DIMENSIONS] => a:3:{s:5:"WIDTH";s:3:"100";s:6:"HEIGHT";s:3:"250";s:6:"LENGTH";s:3:"100";}
                                    [TYPE] => 
                                    [SET_PARENT_ID] => 
                                    [DETAIL_PAGE_URL] => /products/materialy/industrial-abs-v2.html
                                    [FUSER_ID] => 768972
                                    [MEASURE_CODE] => 796
                                    [MEASURE_NAME] => шт
                                    [ORDER_ID] => 10975
                                    [PRODUCT_XML_ID] => 303765#303766
                                    [SUBSCRIBE] => N
                                    [RECOMMENDATION] => 
                                    [VAT_INCLUDED] => Y
                                    [SORT] => 100
                                    [DISCOUNT_NAME] => 
                                    [DISCOUNT_VALUE] => 
                                    [DISCOUNT_COUPON] => 
                                    [XML_ID] => bx_6931b314379a0
                                    [MARKING_CODE_GROUP] => 
                                    [PROPERTIES] => Array
                                        (
                                            [COLOR] => Array
                                                (
                                                    [CODE] => COLOR
                                                    [VALUE] => Dark Grey
                                                    [NAME] => Color
                                                    [SORT] => 1
                                                    [ID] => 178886
                                                )

                                            [VOLUME] => Array
                                                (
                                                    [CODE] => VOLUME
                                                    [VALUE] => 1 кг
                                                    [NAME] => Volume
                                                    [SORT] => 2
                                                    [ID] => 178887
                                                )

                                            [CATALOG.XML_ID] => Array
                                                (
                                                    [CODE] => CATALOG.XML_ID
                                                    [VALUE] => offerstest2
                                                    [NAME] => Catalog XML_ID
                                                    [SORT] => 100
                                                    [ID] => 178888
                                                )

                                            [PRODUCT.XML_ID] => Array
                                                (
                                                    [CODE] => PRODUCT.XML_ID
                                                    [VALUE] => 303765#303766
                                                    [NAME] => Product XML_ID
                                                    [SORT] => 100
                                                    [ID] => 178889
                                                )

                                        )

                                    [ACTION_APPLIED] => N
                                )

                        )

                    [ORDER_PROP] => Array
                        (
                            [49] => 0000426112
                            [103] => 
                            [144] => 
                            [150] => Тест
                            [151] => Тест
                            [41] => test1@test.ru
                            [43] => 79044247522
                            [90] => 137
                            [132] => 6
                            [175] => 
                            [176] => 
                        )

                    [DELIVERY_LOCATION] => 0000426112
                    [USER_EMAIL] => test1@test.ru
                    [PAYER_NAME] => 
                    [PROFILE_NAME] => test1@test.ru
                    [DELIVERY_LOCATION_ZIP] => 
                    [BASE_PRICE_DELIVERY] => 1653
                    [PRICE_DELIVERY] => 1653
                    [PRICE_DELIVERY_DIFF] => 0
                    [DELIVERY_ID] => 99
                    [CUSTOM_PRICE_DELIVERY] => N
                    [SHIPMENT_CODE] => 21921
                    [SHIPMENT_ID] => 21921
                    [PAY_SYSTEM_ID] => 19
                    [USE_BASE_PRICE] => N
                )

            [valid:protected] => 1
            [saleOptions:protected] => Array
                (
                    [USE_BASE_PRICE] => N
                    [SALE_DISCOUNT_ONLY] => Y
                    [APPLY_MODE] => 0
                )

            [basketDiscountList:protected] => Array
                (
                )

            [basketItemsData:protected] => Array
                (
                    [55903] => Array
                        (
                            [BASE_PRICE_ROUND_RULE] => Array
                                (
                                )

                        )

                )

            [discountsCache:protected] => Array
                (
                )

            [couponsCache:protected] => Array
                (
                )

            [discountResult:protected] => Array
                (
                    [APPLY_BLOCKS] => Array
                        (
                        )

                    [DISCOUNT_LIST] => Array
                        (
                        )

                    [COUPON_LIST] => Array
                        (
                        )

                    [DELIVERY_LIST] => Array
                        (
                        )

                    [SHIPMENT_LIST] => Array
                        (
                        )

                )

            [discountResultCounter:protected] => 0
            [applyResult:protected] => Array
                (
                )

            [discountStoredActionData:protected] => Array
                (
                )

            [entityList:protected] => Array
                (
                )

            [entityResultCache:protected] => Array
                (
                )

            [currentStep:protected] => Array
                (
                )

            [forwardBasketTable:protected] => Array
                (
                    [55903] => 55903
                )

            [reverseBasketTable:protected] => Array
                (
                    [55903] => 55903
                )

            [roundApplyMode:protected] => 4
            [roundApplyConfig:protected] => Array
                (
                )

            [fullDiscountList:protected] => Array
                (
                )

            [shipment:protected] => Bitrix\Crm\Order\Shipment Object
                (
                    [fields:protected] => Bitrix\Sale\Internals\Fields Object
                        (
                            [values:protected] => Array
                                (
                                    [ID] => 21921
                                    [ORDER_ID] => 10975
                                    [ACCOUNT_NUMBER] => HL-19424/2
                                    [DATE_INSERT] => Bitrix\Main\Type\DateTime Object
                                        (
                                            [value:protected] => DateTime Object
                                                (
                                                    [date] => 2025-12-04 19:19:15.000000
                                                    [timezone_type] => 3
                                                    [timezone] => Europe/Moscow
                                                )

                                            [userTimeEnabled:protected] => 1
                                        )

                                    [DATE_UPDATE] => Bitrix\Main\Type\DateTime Object
                                        (
                                            [value:protected] => DateTime Object
                                                (
                                                    [date] => 2025-12-04 19:19:15.000000
                                                    [timezone_type] => 3
                                                    [timezone] => Europe/Moscow
                                                )

                                            [userTimeEnabled:protected] => 1
                                        )

                                    [STATUS_ID] => DN
                                    [DELIVERY_LOCATION] => 
                                    [BASE_PRICE_DELIVERY] => 1653
                                    [PRICE_DELIVERY] => 1653
                                    [WEIGHT] => 1000.0000
                                    [CUSTOM_PRICE_DELIVERY] => N
                                    [CURRENCY] => RUB
                                    [DISCOUNT_PRICE] => 0
                                    [ALLOW_DELIVERY] => N
                                    [DATE_ALLOW_DELIVERY] => 
                                    [EMP_ALLOW_DELIVERY_ID] => 
                                    [DEDUCTED] => N
                                    [DATE_DEDUCTED] => 
                                    [EMP_DEDUCTED_ID] => 
                                    [REASON_UNDO_DEDUCTED] => 
                                    [RESERVED] => N
                                    [DELIVERY_ID] => 99
                                    [DELIVERY_DOC_NUM] => 
                                    [DELIVERY_DOC_DATE] => 
                                    [TRACKING_NUMBER] => 
                                    [TRACKING_STATUS] => 
                                    [TRACKING_DESCRIPTION] => 
                                    [TRACKING_LAST_CHECK] => 
                                    [TRACKING_LAST_CHANGE] => 
                                    [XML_ID] => bx_6931b4835711d
                                    [PARAMS] => 
                                    [DELIVERY_NAME] => Деловые линии (Доставка до терминала)
                                    [CANCELED] => N
                                    [DATE_CANCELED] => 
                                    [EMP_CANCELED_ID] => 
                                    [REASON_CANCELED] => 
                                    [MARKED] => N
                                    [DATE_MARKED] => 
                                    [EMP_MARKED_ID] => 
                                    [REASON_MARKED] => 
                                    [SYSTEM] => N
                                    [RESPONSIBLE_ID] => 
                                    [EMP_RESPONSIBLE_ID] => 
                                    [DATE_RESPONSIBLE_ID] => 
                                    [COMMENTS] => 
                                    [COMPANY_ID] => 1
                                    [UPDATED_1C] => N
                                    [ID_1C] => 
                                    [VERSION_1C] => 
                                    [EXTERNAL_DELIVERY] => N
                                    [IS_REALIZATION] => 
                                )

                            [changedValues:protected] => Array
                                (
                                )

                            [originalValues:Bitrix\Sale\Internals\Fields:private] => Array
                                (
                                )

                            [customFields:Bitrix\Sale\Internals\Fields:private] => Array
                                (
                                )

                            [isClone:protected] => 
                        )

                    [eventName:protected] => 
                    [collection:protected] => Bitrix\Crm\Order\ShipmentCollection Object
                        (
                            [collection:protected] => Array
                                (
                                    [0] => Bitrix\Crm\Order\Shipment Object
 *RECURSION*
                                    [1] => Bitrix\Crm\Order\Shipment Object
                                        (
                                            [fields:protected] => Bitrix\Sale\Internals\Fields Object
                                                (
                                                    [values:protected] => Array
                                                        (
                                                            [ID] => 21920
                                                            [ORDER_ID] => 10975
                                                            [ACCOUNT_NUMBER] => HL-19424/1
                                                            [DATE_INSERT] => Bitrix\Main\Type\DateTime Object
                                                                (
                                                                    [value:protected] => DateTime Object
                                                                        (
                                                                            [date] => 2025-12-04 19:19:15.000000
                                                                            [timezone_type] => 3
                                                                            [timezone] => Europe/Moscow
                                                                        )

                                                                    [userTimeEnabled:protected] => 1
                                                                )

                                                            [DATE_UPDATE] => 
                                                            [STATUS_ID] => DN
                                                            [DELIVERY_LOCATION] => 
                                                            [BASE_PRICE_DELIVERY] => 0
                                                            [PRICE_DELIVERY] => 0
                                                            [WEIGHT] => 0.0000
                                                            [CUSTOM_PRICE_DELIVERY] => N
                                                            [CURRENCY] => RUB
                                                            [DISCOUNT_PRICE] => 0
                                                            [ALLOW_DELIVERY] => N
                                                            [DATE_ALLOW_DELIVERY] => 
                                                            [EMP_ALLOW_DELIVERY_ID] => 
                                                            [DEDUCTED] => N
                                                            [DATE_DEDUCTED] => 
                                                            [EMP_DEDUCTED_ID] => 
                                                            [REASON_UNDO_DEDUCTED] => 
                                                            [RESERVED] => N
                                                            [DELIVERY_ID] => 99
                                                            [DELIVERY_DOC_NUM] => 
                                                            [DELIVERY_DOC_DATE] => 
                                                            [TRACKING_NUMBER] => 
                                                            [TRACKING_STATUS] => 
                                                            [TRACKING_DESCRIPTION] => 
                                                            [TRACKING_LAST_CHECK] => 
                                                            [TRACKING_LAST_CHANGE] => 
                                                            [XML_ID] => bx_6931b483552a8
                                                            [PARAMS] => 
                                                            [DELIVERY_NAME] => Деловые линии (Доставка до терминала)
                                                            [CANCELED] => N
                                                            [DATE_CANCELED] => 
                                                            [EMP_CANCELED_ID] => 
                                                            [REASON_CANCELED] => 
                                                            [MARKED] => N
                                                            [DATE_MARKED] => 
                                                            [EMP_MARKED_ID] => 
                                                            [REASON_MARKED] => 
                                                            [SYSTEM] => Y
                                                            [RESPONSIBLE_ID] => 
                                                            [EMP_RESPONSIBLE_ID] => 
                                                            [DATE_RESPONSIBLE_ID] => 
                                                            [COMMENTS] => 
                                                            [COMPANY_ID] => 
                                                            [UPDATED_1C] => N
                                                            [ID_1C] => 
                                                            [VERSION_1C] => 
                                                            [EXTERNAL_DELIVERY] => N
                                                            [IS_REALIZATION] => 
                                                        )

                                                    [changedValues:protected] => Array
                                                        (
                                                        )

                                                    [originalValues:Bitrix\Sale\Internals\Fields:private] => Array
                                                        (
                                                        )

                                                    [customFields:Bitrix\Sale\Internals\Fields:private] => Array
                                                        (
                                                        )

                                                    [isClone:protected] => 
                                                )

                                            [eventName:protected] => 
                                            [collection:protected] => Bitrix\Crm\Order\ShipmentCollection Object
 *RECURSION*
                                            [internalIndex:protected] => 1
                                            [isClone:protected] => 
                                            [shipmentItemCollection:protected] => 
                                            [service:protected] => Sale\Handlers\Delivery\DellinHandler Object
                                                (
                                                    [handlerCode:protected] => UNDEFINED
                                                    [id:protected] => 99
                                                    [name:protected] => Деловые линии (Доставка до терминала)
                                                    [code:protected] => 
                                                    [vatId:protected] => 0
                                                    [sort:protected] => 100
                                                    [logotip:protected] => 0
                                                    [parentId:protected] => 0
                                                    [currency:protected] => RUB
                                                    [active:protected] => 1
                                                    [description:protected] => Автоматизированый метод доставки ГК "Деловые линии".
                                                    [config:protected] => Array
                                                        (
                                                            [MAIN] => Array
                                                                (
                                                                    [APIKEY] => D88FBA73-11D8-4791-98DB-4B6799D90D57
                                                                    [LOGIN] => warehouse@harzlabs.ru
                                                                    [PASSWORD] => HARZLabs2022
                                                                )

                                                            [DEBUG] => Array
                                                                (
                                                                    [DEBUG_MODE] => Y
                                                                )

                                                            [PACKAGES] => Array
                                                                (
                                                                    [crate] => N
                                                                    [cratePlus] => N
                                                                    [box] => N
                                                                    [type] => N
                                                                    [crateWithBubble] => N
                                                                    [carGlass] => N
                                                                    [carParts] => N
                                                                    [palletWithBubble] => N
                                                                    [bag] => N
                                                                    [bubble] => N
                                                                    [pallet] => N
                                                                )

                                                            [DERIVAL] => Array
                                                                (
                                                                    [CITY_NAME] => Мытищи
                                                                    [CITY_KLADR] => 5000004400000000000000000
                                                                    [GOODSLOADING] => 1
                                                                    [ADDRESS] => Россия, Московская обл., г. Мытищи, ул. Силикатная, д. 51А, стр. 6
                                                                    [TERMINAL_ID] => 0
                                                                    [WORKTIMESTART] => 10:00
                                                                    [BREAKSTART] => 12:00
                                                                    [BREAKEND] => 13:00
                                                                    [WORKTIMEEND] => 18:00
                                                                    [LOADING_TYPE] => BACK
                                                                    [REQUIREMENTSTRANSPORT] => 
                                                                )

                                                            [CARGO] => Array
                                                                (
                                                                    [DAYDELAY] => 
                                                                    [LOADING_GROUPING_OF_GOODS] => ONE_CARGO_SPACE
                                                                    [DEFAULT_PARAMS] => 0
                                                                )

                                                            [YURI] => Array
                                                                (
                                                                    [COUNTERAGENT] => 0
                                                                    [OPF_COUNTRY] => 0x8f51001438c4d49511dbd774581edb7a
                                                                    [OPF] => 0
                                                                    [ADDRESS] => 123298, г. МОСКВА, ВН.ТЕР.Г.МУНИЦИПАЛЬНЫЙ ОКРУГ ХОРОШЕВО-МНЕВНИКИ, УЛ 3-Я ХОРОШЁВСКАЯ, ДОМ 13 КОРПУС 1, ПОМЕЩ. 4.4.
                                                                    [NAME] => ООО "ХАРЦ ЛАБС"
                                                                    [INN] => 7751087784
                                                                )

                                                            [PERSON] => Array
                                                                (
                                                                    [NAME] => Адамов Андрей Владимирович
                                                                    [PHONE] => 78005559344
                                                                    [EMAIL] => info@harzlabs.ru
                                                                )

                                                            [ARRIVAL] => Array
                                                                (
                                                                    [GOODSLOADING] => 0
                                                                    [IS_SMALL_GOODS] => 0
                                                                    [IS_INSURANCE_GOODS_WITH_DECLARE_PRICE] => 0
                                                                    [UNLOADING_TYPE] => NULL
                                                                    [UNLOADING_TRANSPORT_REQUIREMENTS] => NULL
                                                                    [UNLOADING_ADDITIONAL_EQUIPMENT] => NULL
                                                                )

                                                            [PRODUCT] => Array
                                                                (
                                                                    [LENGTH] => 
                                                                    [WIDTH] => 
                                                                    [HEIGHT] => 
                                                                    [WEIGHT] => 
                                                                )

                                                            [WIDGET] => Array
                                                                (
                                                                    [VIEW_TYPE] => 2
                                                                )

                                                        )

                                                    [restricted:protected] => 
                                                    [trackingClass:protected] => \Sale\Handlers\Delivery\DellinTracking
                                                    [deliveryRequestHandler:protected] => 
                                                    [extraServices:protected] => Bitrix\Sale\Delivery\ExtraServices\Manager Object
                                                        (
                                                            [items:protected] => Array
                                                                (
                                                                )

                                                            [isClone:protected] => 
                                                        )

                                                    [trackingParams:protected] => Array
                                                        (
                                                        )

                                                    [allowEditShipment:protected] => Y
                                                    [isClone:protected] => 
                                                )

                                            [extraServices:protected] => 
                                            [areExtraServicesChanged:protected] => 
                                            [storeId:protected] => 
                                            [isStoreIdChanged:protected] => 
                                            [internalId:protected] => 0
                                            [propertyCollection:protected] => 
                                            [isNew:protected] => 1
                                        )

                                )

                            [index:Bitrix\Sale\Internals\EntityCollection:private] => 1
                            [isClone:protected] => 
                            [anyItemDeleted:protected] => 
                            [anyItemAdded:protected] => 
                            [order:protected] => Bitrix\Crm\Order\Order Object
 *RECURSION*
                        )

                    [internalIndex:protected] => 0
                    [isClone:protected] => 
                    [shipmentItemCollection:protected] => 
                    [service:protected] => Sale\Handlers\Delivery\DellinHandler Object
                        (
                            [handlerCode:protected] => UNDEFINED
                            [id:protected] => 99
                            [name:protected] => Деловые линии (Доставка до терминала)
                            [code:protected] => 
                            [vatId:protected] => 0
                            [sort:protected] => 100
                            [logotip:protected] => 0
                            [parentId:protected] => 0
                            [currency:protected] => RUB
                            [active:protected] => 1
                            [description:protected] => Автоматизированый метод доставки ГК "Деловые линии".
                            [config:protected] => Array
                                (
                                    [MAIN] => Array
                                        (
                                            [APIKEY] => D88FBA73-11D8-4791-98DB-4B6799D90D57
                                            [LOGIN] => warehouse@harzlabs.ru
                                            [PASSWORD] => HARZLabs2022
                                        )

                                    [DEBUG] => Array
                                        (
                                            [DEBUG_MODE] => Y
                                        )

                                    [PACKAGES] => Array
                                        (
                                            [crate] => N
                                            [cratePlus] => N
                                            [box] => N
                                            [type] => N
                                            [crateWithBubble] => N
                                            [carGlass] => N
                                            [carParts] => N
                                            [palletWithBubble] => N
                                            [bag] => N
                                            [bubble] => N
                                            [pallet] => N
                                        )

                                    [DERIVAL] => Array
                                        (
                                            [CITY_NAME] => Мытищи
                                            [CITY_KLADR] => 5000004400000000000000000
                                            [GOODSLOADING] => 1
                                            [ADDRESS] => Россия, Московская обл., г. Мытищи, ул. Силикатная, д. 51А, стр. 6
                                            [TERMINAL_ID] => 0
                                            [WORKTIMESTART] => 10:00
                                            [BREAKSTART] => 12:00
                                            [BREAKEND] => 13:00
                                            [WORKTIMEEND] => 18:00
                                            [LOADING_TYPE] => BACK
                                            [REQUIREMENTSTRANSPORT] => 
                                        )

                                    [CARGO] => Array
                                        (
                                            [DAYDELAY] => 
                                            [LOADING_GROUPING_OF_GOODS] => ONE_CARGO_SPACE
                                            [DEFAULT_PARAMS] => 0
                                        )

                                    [YURI] => Array
                                        (
                                            [COUNTERAGENT] => 0
                                            [OPF_COUNTRY] => 0x8f51001438c4d49511dbd774581edb7a
                                            [OPF] => 0
                                            [ADDRESS] => 123298, г. МОСКВА, ВН.ТЕР.Г.МУНИЦИПАЛЬНЫЙ ОКРУГ ХОРОШЕВО-МНЕВНИКИ, УЛ 3-Я ХОРОШЁВСКАЯ, ДОМ 13 КОРПУС 1, ПОМЕЩ. 4.4.
                                            [NAME] => ООО "ХАРЦ ЛАБС"
                                            [INN] => 7751087784
                                        )

                                    [PERSON] => Array
                                        (
                                            [NAME] => Адамов Андрей Владимирович
                                            [PHONE] => 78005559344
                                            [EMAIL] => info@harzlabs.ru
                                        )

                                    [ARRIVAL] => Array
                                        (
                                            [GOODSLOADING] => 0
                                            [IS_SMALL_GOODS] => 0
                                            [IS_INSURANCE_GOODS_WITH_DECLARE_PRICE] => 0
                                            [UNLOADING_TYPE] => NULL
                                            [UNLOADING_TRANSPORT_REQUIREMENTS] => NULL
                                            [UNLOADING_ADDITIONAL_EQUIPMENT] => NULL
                                        )

                                    [PRODUCT] => Array
                                        (
                                            [LENGTH] => 
                                            [WIDTH] => 
                                            [HEIGHT] => 
                                            [WEIGHT] => 
                                        )

                                    [WIDGET] => Array
                                        (
                                            [VIEW_TYPE] => 2
                                        )

                                )

                            [restricted:protected] => 
                            [trackingClass:protected] => \Sale\Handlers\Delivery\DellinTracking
                            [deliveryRequestHandler:protected] => 
                            [extraServices:protected] => Bitrix\Sale\Delivery\ExtraServices\Manager Object
                                (
                                    [items:protected] => Array
                                        (
                                        )

                                    [isClone:protected] => 
                                )

                            [trackingParams:protected] => Array
                                (
                                )

                            [allowEditShipment:protected] => Y
                            [isClone:protected] => 
                        )

                    [extraServices:protected] => 
                    [areExtraServicesChanged:protected] => 
                    [storeId:protected] => 
                    [isStoreIdChanged:protected] => 
                    [internalId:protected] => 21921
                    [propertyCollection:protected] => 
                    [isNew:protected] => 1
                )

            [shipmentIds:protected] => Array
                (
                    [0] => 21921
                )

            [enableCheckingPrediction:protected] => 
        )

    [tax:protected] => 
    [internalId:protected] => 1
    [isNew:protected] => 
    [isSaveExecuting:protected] => 1
    [isClone:protected] => 
    [isOnlyMathAction:protected] => 
    [isMeaningfulField:protected] => 
    [isStartField:protected] => 
    [calculateType:protected] => C
    [shipmentCollection:protected] => Bitrix\Crm\Order\ShipmentCollection Object
        (
            [collection:protected] => Array
                (
                    [0] => Bitrix\Crm\Order\Shipment Object
                        (
                            [fields:protected] => Bitrix\Sale\Internals\Fields Object
                                (
                                    [values:protected] => Array
                                        (
                                            [ID] => 21921
                                            [ORDER_ID] => 10975
                                            [ACCOUNT_NUMBER] => HL-19424/2
                                            [DATE_INSERT] => Bitrix\Main\Type\DateTime Object
                                                (
                                                    [value:protected] => DateTime Object
                                                        (
                                                            [date] => 2025-12-04 19:19:15.000000
                                                            [timezone_type] => 3
                                                            [timezone] => Europe/Moscow
                                                        )

                                                    [userTimeEnabled:protected] => 1
                                                )

                                            [DATE_UPDATE] => Bitrix\Main\Type\DateTime Object
                                                (
                                                    [value:protected] => DateTime Object
                                                        (
                                                            [date] => 2025-12-04 19:19:15.000000
                                                            [timezone_type] => 3
                                                            [timezone] => Europe/Moscow
                                                        )

                                                    [userTimeEnabled:protected] => 1
                                                )

                                            [STATUS_ID] => DN
                                            [DELIVERY_LOCATION] => 
                                            [BASE_PRICE_DELIVERY] => 1653
                                            [PRICE_DELIVERY] => 1653
                                            [WEIGHT] => 1000.0000
                                            [CUSTOM_PRICE_DELIVERY] => N
                                            [CURRENCY] => RUB
                                            [DISCOUNT_PRICE] => 0
                                            [ALLOW_DELIVERY] => N
                                            [DATE_ALLOW_DELIVERY] => 
                                            [EMP_ALLOW_DELIVERY_ID] => 
                                            [DEDUCTED] => N
                                            [DATE_DEDUCTED] => 
                                            [EMP_DEDUCTED_ID] => 
                                            [REASON_UNDO_DEDUCTED] => 
                                            [RESERVED] => N
                                            [DELIVERY_ID] => 99
                                            [DELIVERY_DOC_NUM] => 
                                            [DELIVERY_DOC_DATE] => 
                                            [TRACKING_NUMBER] => 
                                            [TRACKING_STATUS] => 
                                            [TRACKING_DESCRIPTION] => 
                                            [TRACKING_LAST_CHECK] => 
                                            [TRACKING_LAST_CHANGE] => 
                                            [XML_ID] => bx_6931b4835711d
                                            [PARAMS] => 
                                            [DELIVERY_NAME] => Деловые линии (Доставка до терминала)
                                            [CANCELED] => N
                                            [DATE_CANCELED] => 
                                            [EMP_CANCELED_ID] => 
                                            [REASON_CANCELED] => 
                                            [MARKED] => N
                                            [DATE_MARKED] => 
                                            [EMP_MARKED_ID] => 
                                            [REASON_MARKED] => 
                                            [SYSTEM] => N
                                            [RESPONSIBLE_ID] => 
                                            [EMP_RESPONSIBLE_ID] => 
                                            [DATE_RESPONSIBLE_ID] => 
                                            [COMMENTS] => 
                                            [COMPANY_ID] => 1
                                            [UPDATED_1C] => N
                                            [ID_1C] => 
                                            [VERSION_1C] => 
                                            [EXTERNAL_DELIVERY] => N
                                            [IS_REALIZATION] => 
                                        )

                                    [changedValues:protected] => Array
                                        (
                                        )

                                    [originalValues:Bitrix\Sale\Internals\Fields:private] => Array
                                        (
                                        )

                                    [customFields:Bitrix\Sale\Internals\Fields:private] => Array
                                        (
                                        )

                                    [isClone:protected] => 
                                )

                            [eventName:protected] => 
                            [collection:protected] => Bitrix\Crm\Order\ShipmentCollection Object
 *RECURSION*
                            [internalIndex:protected] => 0
                            [isClone:protected] => 
                            [shipmentItemCollection:protected] => 
                            [service:protected] => Sale\Handlers\Delivery\DellinHandler Object
                                (
                                    [handlerCode:protected] => UNDEFINED
                                    [id:protected] => 99
                                    [name:protected] => Деловые линии (Доставка до терминала)
                                    [code:protected] => 
                                    [vatId:protected] => 0
                                    [sort:protected] => 100
                                    [logotip:protected] => 0
                                    [parentId:protected] => 0
                                    [currency:protected] => RUB
                                    [active:protected] => 1
                                    [description:protected] => Автоматизированый метод доставки ГК "Деловые линии".
                                    [config:protected] => Array
                                        (
                                            [MAIN] => Array
                                                (
                                                    [APIKEY] => D88FBA73-11D8-4791-98DB-4B6799D90D57
                                                    [LOGIN] => warehouse@harzlabs.ru
                                                    [PASSWORD] => HARZLabs2022
                                                )

                                            [DEBUG] => Array
                                                (
                                                    [DEBUG_MODE] => Y
                                                )

                                            [PACKAGES] => Array
                                                (
                                                    [crate] => N
                                                    [cratePlus] => N
                                                    [box] => N
                                                    [type] => N
                                                    [crateWithBubble] => N
                                                    [carGlass] => N
                                                    [carParts] => N
                                                    [palletWithBubble] => N
                                                    [bag] => N
                                                    [bubble] => N
                                                    [pallet] => N
                                                )

                                            [DERIVAL] => Array
                                                (
                                                    [CITY_NAME] => Мытищи
                                                    [CITY_KLADR] => 5000004400000000000000000
                                                    [GOODSLOADING] => 1
                                                    [ADDRESS] => Россия, Московская обл., г. Мытищи, ул. Силикатная, д. 51А, стр. 6
                                                    [TERMINAL_ID] => 0
                                                    [WORKTIMESTART] => 10:00
                                                    [BREAKSTART] => 12:00
                                                    [BREAKEND] => 13:00
                                                    [WORKTIMEEND] => 18:00
                                                    [LOADING_TYPE] => BACK
                                                    [REQUIREMENTSTRANSPORT] => 
                                                )

                                            [CARGO] => Array
                                                (
                                                    [DAYDELAY] => 
                                                    [LOADING_GROUPING_OF_GOODS] => ONE_CARGO_SPACE
                                                    [DEFAULT_PARAMS] => 0
                                                )

                                            [YURI] => Array
                                                (
                                                    [COUNTERAGENT] => 0
                                                    [OPF_COUNTRY] => 0x8f51001438c4d49511dbd774581edb7a
                                                    [OPF] => 0
                                                    [ADDRESS] => 123298, г. МОСКВА, ВН.ТЕР.Г.МУНИЦИПАЛЬНЫЙ ОКРУГ ХОРОШЕВО-МНЕВНИКИ, УЛ 3-Я ХОРОШЁВСКАЯ, ДОМ 13 КОРПУС 1, ПОМЕЩ. 4.4.
                                                    [NAME] => ООО "ХАРЦ ЛАБС"
                                                    [INN] => 7751087784
                                                )

                                            [PERSON] => Array
                                                (
                                                    [NAME] => Адамов Андрей Владимирович
                                                    [PHONE] => 78005559344
                                                    [EMAIL] => info@harzlabs.ru
                                                )

                                            [ARRIVAL] => Array
                                                (
                                                    [GOODSLOADING] => 0
                                                    [IS_SMALL_GOODS] => 0
                                                    [IS_INSURANCE_GOODS_WITH_DECLARE_PRICE] => 0
                                                    [UNLOADING_TYPE] => NULL
                                                    [UNLOADING_TRANSPORT_REQUIREMENTS] => NULL
                                                    [UNLOADING_ADDITIONAL_EQUIPMENT] => NULL
                                                )

                                            [PRODUCT] => Array
                                                (
                                                    [LENGTH] => 
                                                    [WIDTH] => 
                                                    [HEIGHT] => 
                                                    [WEIGHT] => 
                                                )

                                            [WIDGET] => Array
                                                (
                                                    [VIEW_TYPE] => 2
                                                )

                                        )

                                    [restricted:protected] => 
                                    [trackingClass:protected] => \Sale\Handlers\Delivery\DellinTracking
                                    [deliveryRequestHandler:protected] => 
                                    [extraServices:protected] => Bitrix\Sale\Delivery\ExtraServices\Manager Object
                                        (
                                            [items:protected] => Array
                                                (
                                                )

                                            [isClone:protected] => 
                                        )

                                    [trackingParams:protected] => Array
                                        (
                                        )

                                    [allowEditShipment:protected] => Y
                                    [isClone:protected] => 
                                )

                            [extraServices:protected] => 
                            [areExtraServicesChanged:protected] => 
                            [storeId:protected] => 
                            [isStoreIdChanged:protected] => 
                            [internalId:protected] => 21921
                            [propertyCollection:protected] => 
                            [isNew:protected] => 1
                        )

                    [1] => Bitrix\Crm\Order\Shipment Object
                        (
                            [fields:protected] => Bitrix\Sale\Internals\Fields Object
                                (
                                    [values:protected] => Array
                                        (
                                            [ID] => 21920
                                            [ORDER_ID] => 10975
                                            [ACCOUNT_NUMBER] => HL-19424/1
                                            [DATE_INSERT] => Bitrix\Main\Type\DateTime Object
                                                (
                                                    [value:protected] => DateTime Object
                                                        (
                                                            [date] => 2025-12-04 19:19:15.000000
                                                            [timezone_type] => 3
                                                            [timezone] => Europe/Moscow
                                                        )

                                                    [userTimeEnabled:protected] => 1
                                                )

                                            [DATE_UPDATE] => 
                                            [STATUS_ID] => DN
                                            [DELIVERY_LOCATION] => 
                                            [BASE_PRICE_DELIVERY] => 0
                                            [PRICE_DELIVERY] => 0
                                            [WEIGHT] => 0.0000
                                            [CUSTOM_PRICE_DELIVERY] => N
                                            [CURRENCY] => RUB
                                            [DISCOUNT_PRICE] => 0
                                            [ALLOW_DELIVERY] => N
                                            [DATE_ALLOW_DELIVERY] => 
                                            [EMP_ALLOW_DELIVERY_ID] => 
                                            [DEDUCTED] => N
                                            [DATE_DEDUCTED] => 
                                            [EMP_DEDUCTED_ID] => 
                                            [REASON_UNDO_DEDUCTED] => 
                                            [RESERVED] => N
                                            [DELIVERY_ID] => 99
                                            [DELIVERY_DOC_NUM] => 
                                            [DELIVERY_DOC_DATE] => 
                                            [TRACKING_NUMBER] => 
                                            [TRACKING_STATUS] => 
                                            [TRACKING_DESCRIPTION] => 
                                            [TRACKING_LAST_CHECK] => 
                                            [TRACKING_LAST_CHANGE] => 
                                            [XML_ID] => bx_6931b483552a8
                                            [PARAMS] => 
                                            [DELIVERY_NAME] => Деловые линии (Доставка до терминала)
                                            [CANCELED] => N
                                            [DATE_CANCELED] => 
                                            [EMP_CANCELED_ID] => 
                                            [REASON_CANCELED] => 
                                            [MARKED] => N
                                            [DATE_MARKED] => 
                                            [EMP_MARKED_ID] => 
                                            [REASON_MARKED] => 
                                            [SYSTEM] => Y
                                            [RESPONSIBLE_ID] => 
                                            [EMP_RESPONSIBLE_ID] => 
                                            [DATE_RESPONSIBLE_ID] => 
                                            [COMMENTS] => 
                                            [COMPANY_ID] => 
                                            [UPDATED_1C] => N
                                            [ID_1C] => 
                                            [VERSION_1C] => 
                                            [EXTERNAL_DELIVERY] => N
                                            [IS_REALIZATION] => 
                                        )

                                    [changedValues:protected] => Array
                                        (
                                        )

                                    [originalValues:Bitrix\Sale\Internals\Fields:private] => Array
                                        (
                                        )

                                    [customFields:Bitrix\Sale\Internals\Fields:private] => Array
                                        (
                                        )

                                    [isClone:protected] => 
                                )

                            [eventName:protected] => 
                            [collection:protected] => Bitrix\Crm\Order\ShipmentCollection Object
 *RECURSION*
                            [internalIndex:protected] => 1
                            [isClone:protected] => 
                            [shipmentItemCollection:protected] => 
                            [service:protected] => Sale\Handlers\Delivery\DellinHandler Object
                                (
                                    [handlerCode:protected] => UNDEFINED
                                    [id:protected] => 99
                                    [name:protected] => Деловые линии (Доставка до терминала)
                                    [code:protected] => 
                                    [vatId:protected] => 0
                                    [sort:protected] => 100
                                    [logotip:protected] => 0
                                    [parentId:protected] => 0
                                    [currency:protected] => RUB
                                    [active:protected] => 1
                                    [description:protected] => Автоматизированый метод доставки ГК "Деловые линии".
                                    [config:protected] => Array
                                        (
                                            [MAIN] => Array
                                                (
                                                    [APIKEY] => D88FBA73-11D8-4791-98DB-4B6799D90D57
                                                    [LOGIN] => warehouse@harzlabs.ru
                                                    [PASSWORD] => HARZLabs2022
                                                )

                                            [DEBUG] => Array
                                                (
                                                    [DEBUG_MODE] => Y
                                                )

                                            [PACKAGES] => Array
                                                (
                                                    [crate] => N
                                                    [cratePlus] => N
                                                    [box] => N
                                                    [type] => N
                                                    [crateWithBubble] => N
                                                    [carGlass] => N
                                                    [carParts] => N
                                                    [palletWithBubble] => N
                                                    [bag] => N
                                                    [bubble] => N
                                                    [pallet] => N
                                                )

                                            [DERIVAL] => Array
                                                (
                                                    [CITY_NAME] => Мытищи
                                                    [CITY_KLADR] => 5000004400000000000000000
                                                    [GOODSLOADING] => 1
                                                    [ADDRESS] => Россия, Московская обл., г. Мытищи, ул. Силикатная, д. 51А, стр. 6
                                                    [TERMINAL_ID] => 0
                                                    [WORKTIMESTART] => 10:00
                                                    [BREAKSTART] => 12:00
                                                    [BREAKEND] => 13:00
                                                    [WORKTIMEEND] => 18:00
                                                    [LOADING_TYPE] => BACK
                                                    [REQUIREMENTSTRANSPORT] => 
                                                )

                                            [CARGO] => Array
                                                (
                                                    [DAYDELAY] => 
                                                    [LOADING_GROUPING_OF_GOODS] => ONE_CARGO_SPACE
                                                    [DEFAULT_PARAMS] => 0
                                                )

                                            [YURI] => Array
                                                (
                                                    [COUNTERAGENT] => 0
                                                    [OPF_COUNTRY] => 0x8f51001438c4d49511dbd774581edb7a
                                                    [OPF] => 0
                                                    [ADDRESS] => 123298, г. МОСКВА, ВН.ТЕР.Г.МУНИЦИПАЛЬНЫЙ ОКРУГ ХОРОШЕВО-МНЕВНИКИ, УЛ 3-Я ХОРОШЁВСКАЯ, ДОМ 13 КОРПУС 1, ПОМЕЩ. 4.4.
                                                    [NAME] => ООО "ХАРЦ ЛАБС"
                                                    [INN] => 7751087784
                                                )

                                            [PERSON] => Array
                                                (
                                                    [NAME] => Адамов Андрей Владимирович
                                                    [PHONE] => 78005559344
                                                    [EMAIL] => info@harzlabs.ru
                                                )

                                            [ARRIVAL] => Array
                                                (
                                                    [GOODSLOADING] => 0
                                                    [IS_SMALL_GOODS] => 0
                                                    [IS_INSURANCE_GOODS_WITH_DECLARE_PRICE] => 0
                                                    [UNLOADING_TYPE] => NULL
                                                    [UNLOADING_TRANSPORT_REQUIREMENTS] => NULL
                                                    [UNLOADING_ADDITIONAL_EQUIPMENT] => NULL
                                                )

                                            [PRODUCT] => Array
                                                (
                                                    [LENGTH] => 
                                                    [WIDTH] => 
                                                    [HEIGHT] => 
                                                    [WEIGHT] => 
                                                )

                                            [WIDGET] => Array
                                                (
                                                    [VIEW_TYPE] => 2
                                                )

                                        )

                                    [restricted:protected] => 
                                    [trackingClass:protected] => \Sale\Handlers\Delivery\DellinTracking
                                    [deliveryRequestHandler:protected] => 
                                    [extraServices:protected] => Bitrix\Sale\Delivery\ExtraServices\Manager Object
                                        (
                                            [items:protected] => Array
                                                (
                                                )

                                            [isClone:protected] => 
                                        )

                                    [trackingParams:protected] => Array
                                        (
                                        )

                                    [allowEditShipment:protected] => Y
                                    [isClone:protected] => 
                                )

                            [extraServices:protected] => 
                            [areExtraServicesChanged:protected] => 
                            [storeId:protected] => 
                            [isStoreIdChanged:protected] => 
                            [internalId:protected] => 0
                            [propertyCollection:protected] => 
                            [isNew:protected] => 1
                        )

                )

            [index:Bitrix\Sale\Internals\EntityCollection:private] => 1
            [isClone:protected] => 
            [anyItemDeleted:protected] => 
            [anyItemAdded:protected] => 
            [order:protected] => Bitrix\Crm\Order\Order Object
 *RECURSION*
        )

    [paymentCollection:protected] => Bitrix\Crm\Order\PaymentCollection Object
        (
            [collection:protected] => Array
                (
                    [0] => Bitrix\Crm\Order\Payment Object
                        (
                            [fields:protected] => Bitrix\Sale\Internals\Fields Object
                                (
                                    [values:protected] => Array
                                        (
                                            [ID] => 10967
                                            [ORDER_ID] => 10975
                                            [ACCOUNT_NUMBER] => HL-19424/1
                                            [PAID] => N
                                            [DATE_PAID] => 
                                            [EMP_PAID_ID] => 
                                            [PAY_SYSTEM_ID] => 19
                                            [PS_STATUS] => 
                                            [PS_STATUS_CODE] => 
                                            [PS_INVOICE_ID] => 30c3c847-000f-5000-8000-103a7b6d63ee
                                            [PS_STATUS_DESCRIPTION] => 
                                            [PS_STATUS_MESSAGE] => 
                                            [PS_SUM] => 
                                            [PS_CURRENCY] => 
                                            [PS_RESPONSE_DATE] => 
                                            [PS_RECURRING_TOKEN] => 
                                            [PS_CARD_NUMBER] => 
                                            [PAY_VOUCHER_NUM] => 
                                            [PAY_VOUCHER_DATE] => 
                                            [DATE_PAY_BEFORE] => 
                                            [DATE_BILL] => Bitrix\Main\Type\DateTime Object
                                                (
                                                    [value:protected] => DateTime Object
                                                        (
                                                            [date] => 2025-12-04 19:19:15.000000
                                                            [timezone_type] => 3
                                                            [timezone] => Europe/Moscow
                                                        )

                                                    [userTimeEnabled:protected] => 1
                                                )

                                            [XML_ID] => bx_6931b4835bd5c
                                            [SUM] => 12553
                                            [PRICE_COD] => 0
                                            [CURRENCY] => RUB
                                            [PAY_SYSTEM_NAME] => ЮKassa
                                            [RESPONSIBLE_ID] => 
                                            [EMP_RESPONSIBLE_ID] => 
                                            [DATE_RESPONSIBLE_ID] => 
                                            [COMMENTS] => 
                                            [COMPANY_ID] => 1
                                            [PAY_RETURN_NUM] => 
                                            [PAY_RETURN_DATE] => 
                                            [EMP_RETURN_ID] => 
                                            [PAY_RETURN_COMMENT] => 
                                            [IS_RETURN] => N
                                            [MARKED] => N
                                            [DATE_MARKED] => 
                                            [EMP_MARKED_ID] => 
                                            [REASON_MARKED] => 
                                            [UPDATED_1C] => N
                                            [ID_1C] => 
                                            [VERSION_1C] => 
                                            [EXTERNAL_PAYMENT] => N
                                        )

                                    [changedValues:protected] => Array
                                        (
                                            [PS_INVOICE_ID] => 1
                                        )

                                    [originalValues:Bitrix\Sale\Internals\Fields:private] => Array
                                        (
                                            [PS_INVOICE_ID] => 
                                        )

                                    [customFields:Bitrix\Sale\Internals\Fields:private] => Array
                                        (
                                        )

                                    [isClone:protected] => 
                                )

                            [eventName:protected] => SalePayment
                            [collection:protected] => Bitrix\Crm\Order\PaymentCollection Object
 *RECURSION*
                            [internalIndex:protected] => 0
                            [isClone:protected] => 
                            [service:protected] => Bitrix\Sale\PaySystem\Service Object
                                (
                                    [handler:Bitrix\Sale\PaySystem\Service:private] => Sale\Handlers\PaySystem\YandexCheckoutHandler Object
                                        (
                                            [handlerType:protected] => SYSTEM
                                            [service:protected] => Bitrix\Sale\PaySystem\Service Object
 *RECURSION*
                                            [extraParams:protected] => Array
                                                (
                                                )

                                            [initiateMode:protected] => 1
                                            [isClone:protected] => 
                                            [businessCodes:Bitrix\Sale\PaySystem\BaseServiceHandler:private] => Array
                                                (
                                                )

                                        )

                                    [fields:Bitrix\Sale\PaySystem\Service:private] => Array
                                        (
                                            [ID] => 19
                                            [PAY_SYSTEM_ID] => 19
                                            [PERSON_TYPE_ID] => 
                                            [NAME] => ЮKassa
                                            [PSA_NAME] => ЮKassa
                                            [CODE] => 
                                            [SORT] => 100
                                            [ACTION_FILE] => yandexcheckout
                                            [RESULT_FILE] => 
                                            [DESCRIPTION] => 
                                            [NEW_WINDOW] => N
                                            [PARAMS] => a:1:{s:16:"BX_PAY_SYSTEM_ID";i:19;}
                                            [TARIF] => 
                                            [PS_MODE] => embedded
                                            [PS_CLIENT_TYPE] => b2c
                                            [HAVE_PAYMENT] => Y
                                            [HAVE_ACTION] => N
                                            [HAVE_RESULT] => N
                                            [HAVE_PREPAY] => N
                                            [HAVE_PRICE] => N
                                            [HAVE_RESULT_RECEIVE] => Y
                                            [ENCODING] => utf-8
                                            [LOGOTIP] => 183600
                                            [ACTIVE] => Y
                                            [ALLOW_EDIT_PAYMENT] => Y
                                            [IS_CASH] => A
                                            [AUTO_CHANGE_1C] => N
                                            [CAN_PRINT_CHECK] => Y
                                            [ENTITY_REGISTRY_TYPE] => ORDER
                                            [XML_ID] => bx_6619277d81b05
                                        )

                                    [isClone:protected] => 
                                    [context:protected] => Bitrix\Sale\PaySystem\Context Object
                                        (
                                            [url:Bitrix\Sale\PaySystem\Context:private] => https://harzlabs.ru/personal/order/make/?ORDER_ID=HL-19424
                                        )

                                )

                            [payableItemCollection:protected] => Bitrix\Crm\Order\PayableItemCollection Object
                                (
                                    [collection:protected] => Array
                                        (
                                            [0] => Bitrix\Crm\Order\PayableShipmentItem Object
                                                (
                                                    [fields:protected] => Bitrix\Sale\Internals\Fields Object
                                                        (
                                                            [values:protected] => Array
                                                                (
                                                                    [ID] => 36620
                                                                    [ENTITY_ID] => 21921
                                                                    [ENTITY_TYPE] => SHIPMENT
                                                                    [PAYMENT_ID] => 10967
                                                                    [DATE_INSERT] => Bitrix\Main\Type\DateTime Object
                                                                        (
                                                                            [value:protected] => DateTime Object
                                                                                (
                                                                                    [date] => 2025-12-04 19:19:16.000000
                                                                                    [timezone_type] => 3
                                                                                    [timezone] => Europe/Moscow
                                                                                )

                                                                            [userTimeEnabled:protected] => 1
                                                                        )

                                                                    [QUANTITY] => 1.0000
                                                                    [XML_ID] => bx_6931b484dd5d9
                                                                )

                                                            [changedValues:protected] => Array
                                                                (
                                                                )

                                                            [originalValues:Bitrix\Sale\Internals\Fields:private] => Array
                                                                (
                                                                )

                                                            [customFields:Bitrix\Sale\Internals\Fields:private] => Array
                                                                (
                                                                )

                                                            [isClone:protected] => 
                                                        )

                                                    [eventName:protected] => 
                                                    [collection:protected] => Bitrix\Crm\Order\PayableItemCollection Object
 *RECURSION*
                                                    [internalIndex:protected] => 0
                                                    [isClone:protected] => 
                                                    [item:protected] => Bitrix\Crm\Order\Shipment Object
                                                        (
                                                            [fields:protected] => Bitrix\Sale\Internals\Fields Object
                                                                (
                                                                    [values:protected] => Array
                                                                        (
                                                                            [ID] => 21921
                                                                            [ORDER_ID] => 10975
                                                                            [ACCOUNT_NUMBER] => HL-19424/2
                                                                            [DATE_INSERT] => Bitrix\Main\Type\DateTime Object
                                                                                (
                                                                                    [value:protected] => DateTime Object
                                                                                        (
                                                                                            [date] => 2025-12-04 19:19:15.000000
                                                                                            [timezone_type] => 3
                                                                                            [timezone] => Europe/Moscow
                                                                                        )

                                                                                    [userTimeEnabled:protected] => 1
                                                                                )

                                                                            [DATE_UPDATE] => Bitrix\Main\Type\DateTime Object
                                                                                (
                                                                                    [value:protected] => DateTime Object
                                                                                        (
                                                                                            [date] => 2025-12-04 19:19:15.000000
                                                                                            [timezone_type] => 3
                                                                                            [timezone] => Europe/Moscow
                                                                                        )

                                                                                    [userTimeEnabled:protected] => 1
                                                                                )

                                                                            [STATUS_ID] => DN
                                                                            [DELIVERY_LOCATION] => 
                                                                            [BASE_PRICE_DELIVERY] => 1653
                                                                            [PRICE_DELIVERY] => 1653
                                                                            [WEIGHT] => 1000.0000
                                                                            [CUSTOM_PRICE_DELIVERY] => N
                                                                            [CURRENCY] => RUB
                                                                            [DISCOUNT_PRICE] => 0
                                                                            [ALLOW_DELIVERY] => N
                                                                            [DATE_ALLOW_DELIVERY] => 
                                                                            [EMP_ALLOW_DELIVERY_ID] => 
                                                                            [DEDUCTED] => N
                                                                            [DATE_DEDUCTED] => 
                                                                            [EMP_DEDUCTED_ID] => 
                                                                            [REASON_UNDO_DEDUCTED] => 
                                                                            [RESERVED] => N
                                                                            [DELIVERY_ID] => 99
                                                                            [DELIVERY_DOC_NUM] => 
                                                                            [DELIVERY_DOC_DATE] => 
                                                                            [TRACKING_NUMBER] => 
                                                                            [TRACKING_STATUS] => 
                                                                            [TRACKING_DESCRIPTION] => 
                                                                            [TRACKING_LAST_CHECK] => 
                                                                            [TRACKING_LAST_CHANGE] => 
                                                                            [XML_ID] => bx_6931b4835711d
                                                                            [PARAMS] => 
                                                                            [DELIVERY_NAME] => Деловые линии (Доставка до терминала)
                                                                            [CANCELED] => N
                                                                            [DATE_CANCELED] => 
                                                                            [EMP_CANCELED_ID] => 
                                                                            [REASON_CANCELED] => 
                                                                            [MARKED] => N
                                                                            [DATE_MARKED] => 
                                                                            [EMP_MARKED_ID] => 
                                                                            [REASON_MARKED] => 
                                                                            [SYSTEM] => N
                                                                            [RESPONSIBLE_ID] => 
                                                                            [EMP_RESPONSIBLE_ID] => 
                                                                            [DATE_RESPONSIBLE_ID] => 
                                                                            [COMMENTS] => 
                                                                            [COMPANY_ID] => 1
                                                                            [UPDATED_1C] => N
                                                                            [ID_1C] => 
                                                                            [VERSION_1C] => 
                                                                            [EXTERNAL_DELIVERY] => N
                                                                            [IS_REALIZATION] => 
                                                                        )

                                                                    [changedValues:protected] => Array
                                                                        (
                                                                        )

                                                                    [originalValues:Bitrix\Sale\Internals\Fields:private] => Array
                                                                        (
                                                                        )

                                                                    [customFields:Bitrix\Sale\Internals\Fields:private] => Array
                                                                        (
                                                                        )

                                                                    [isClone:protected] => 
                                                                )

                                                            [eventName:protected] => 
                                                            [collection:protected] => Bitrix\Crm\Order\ShipmentCollection Object
                                                                (
                                                                    [collection:protected] => Array
                                                                        (
                                                                            [0] => Bitrix\Crm\Order\Shipment Object
 *RECURSION*
                                                                            [1] => Bitrix\Crm\Order\Shipment Object
                                                                                (
                                                                                    [fields:protected] => Bitrix\Sale\Internals\Fields Object
                                                                                        (
                                                                                            [values:protected] => Array
                                                                                                (
                                                                                                    [ID] => 21920
                                                                                                    [ORDER_ID] => 10975
                                                                                                    [ACCOUNT_NUMBER] => HL-19424/1
                                                                                                    [DATE_INSERT] => Bitrix\Main\Type\DateTime Object
                                                                                                        (
                                                                                                            [value:protected] => DateTime Object
                                                                                                                (
                                                                                                                    [date] => 2025-12-04 19:19:15.000000
                                                                                                                    [timezone_type] => 3
                                                                                                                    [timezone] => Europe/Moscow
                                                                                                                )

                                                                                                            [userTimeEnabled:protected] => 1
                                                                                                        )

                                                                                                    [DATE_UPDATE] => 
                                                                                                    [STATUS_ID] => DN
                                                                                                    [DELIVERY_LOCATION] => 
                                                                                                    [BASE_PRICE_DELIVERY] => 0
                                                                                                    [PRICE_DELIVERY] => 0
                                                                                                    [WEIGHT] => 0.0000
                                                                                                    [CUSTOM_PRICE_DELIVERY] => N
                                                                                                    [CURRENCY] => RUB
                                                                                                    [DISCOUNT_PRICE] => 0
                                                                                                    [ALLOW_DELIVERY] => N
                                                                                                    [DATE_ALLOW_DELIVERY] => 
                                                                                                    [EMP_ALLOW_DELIVERY_ID] => 
                                                                                                    [DEDUCTED] => N
                                                                                                    [DATE_DEDUCTED] => 
                                                                                                    [EMP_DEDUCTED_ID] => 
                                                                                                    [REASON_UNDO_DEDUCTED] => 
                                                                                                    [RESERVED] => N
                                                                                                    [DELIVERY_ID] => 99
                                                                                                    [DELIVERY_DOC_NUM] => 
                                                                                                    [DELIVERY_DOC_DATE] => 
                                                                                                    [TRACKING_NUMBER] => 
                                                                                                    [TRACKING_STATUS] => 
                                                                                                    [TRACKING_DESCRIPTION] => 
                                                                                                    [TRACKING_LAST_CHECK] => 
                                                                                                    [TRACKING_LAST_CHANGE] => 
                                                                                                    [XML_ID] => bx_6931b483552a8
                                                                                                    [PARAMS] => 
                                                                                                    [DELIVERY_NAME] => Деловые линии (Доставка до терминала)
                                                                                                    [CANCELED] => N
                                                                                                    [DATE_CANCELED] => 
                                                                                                    [EMP_CANCELED_ID] => 
                                                                                                    [REASON_CANCELED] => 
                                                                                                    [MARKED] => N
                                                                                                    [DATE_MARKED] => 
                                                                                                    [EMP_MARKED_ID] => 
                                                                                                    [REASON_MARKED] => 
                                                                                                    [SYSTEM] => Y
                                                                                                    [RESPONSIBLE_ID] => 
                                                                                                    [EMP_RESPONSIBLE_ID] => 
                                                                                                    [DATE_RESPONSIBLE_ID] => 
                                                                                                    [COMMENTS] => 
                                                                                                    [COMPANY_ID] => 
                                                                                                    [UPDATED_1C] => N
                                                                                                    [ID_1C] => 
                                                                                                    [VERSION_1C] => 
                                                                                                    [EXTERNAL_DELIVERY] => N
                                                                                                    [IS_REALIZATION] => 
                                                                                                )

                                                                                            [changedValues:protected] => Array
                                                                                                (
                                                                                                )

                                                                                            [originalValues:Bitrix\Sale\Internals\Fields:private] => Array
                                                                                                (
                                                                                                )

                                                                                            [customFields:Bitrix\Sale\Internals\Fields:private] => Array
                                                                                                (
                                                                                                )

                                                                                            [isClone:protected] => 
                                                                                        )

                                                                                    [eventName:protected] => 
                                                                                    [collection:protected] => Bitrix\Crm\Order\ShipmentCollection Object
 *RECURSION*
                                                                                    [internalIndex:protected] => 1
                                                                                    [isClone:protected] => 
                                                                                    [shipmentItemCollection:protected] => 
                                                                                    [service:protected] => Sale\Handlers\Delivery\DellinHandler Object
                                                                                        (
                                                                                            [handlerCode:protected] => UNDEFINED
                                                                                            [id:protected] => 99
                                                                                            [name:protected] => Деловые линии (Доставка до терминала)
                                                                                            [code:protected] => 
                                                                                            [vatId:protected] => 0
                                                                                            [sort:protected] => 100
                                                                                            [logotip:protected] => 0
                                                                                            [parentId:protected] => 0
                                                                                            [currency:protected] => RUB
                                                                                            [active:protected] => 1
                                                                                            [description:protected] => Автоматизированый метод доставки ГК "Деловые линии".
                                                                                            [config:protected] => Array
                                                                                                (
                                                                                                    [MAIN] => Array
                                                                                                        (
                                                                                                            [APIKEY] => D88FBA73-11D8-4791-98DB-4B6799D90D57
                                                                                                            [LOGIN] => warehouse@harzlabs.ru
                                                                                                            [PASSWORD] => HARZLabs2022
                                                                                                        )

                                                                                                    [DEBUG] => Array
                                                                                                        (
                                                                                                            [DEBUG_MODE] => Y
                                                                                                        )

                                                                                                    [PACKAGES] => Array
                                                                                                        (
                                                                                                            [crate] => N
                                                                                                            [cratePlus] => N
                                                                                                            [box] => N
                                                                                                            [type] => N
                                                                                                            [crateWithBubble] => N
                                                                                                            [carGlass] => N
                                                                                                            [carParts] => N
                                                                                                            [palletWithBubble] => N
                                                                                                            [bag] => N
                                                                                                            [bubble] => N
                                                                                                            [pallet] => N
                                                                                                        )

                                                                                                    [DERIVAL] => Array
                                                                                                        (
                                                                                                            [CITY_NAME] => Мытищи
                                                                                                            [CITY_KLADR] => 5000004400000000000000000
                                                                                                            [GOODSLOADING] => 1
                                                                                                            [ADDRESS] => Россия, Московская обл., г. Мытищи, ул. Силикатная, д. 51А, стр. 6
                                                                                                            [TERMINAL_ID] => 0
                                                                                                            [WORKTIMESTART] => 10:00
                                                                                                            [BREAKSTART] => 12:00
                                                                                                            [BREAKEND] => 13:00
                                                                                                            [WORKTIMEEND] => 18:00
                                                                                                            [LOADING_TYPE] => BACK
                                                                                                            [REQUIREMENTSTRANSPORT] => 
                                                                                                        )

                                                                                                    [CARGO] => Array
                                                                                                        (
                                                                                                            [DAYDELAY] => 
                                                                                                            [LOADING_GROUPING_OF_GOODS] => ONE_CARGO_SPACE
                                                                                                            [DEFAULT_PARAMS] => 0
                                                                                                        )

                                                                                                    [YURI] => Array
                                                                                                        (
                                                                                                            [COUNTERAGENT] => 0
                                                                                                            [OPF_COUNTRY] => 0x8f51001438c4d49511dbd774581edb7a
                                                                                                            [OPF] => 0
                                                                                                            [ADDRESS] => 123298, г. МОСКВА, ВН.ТЕР.Г.МУНИЦИПАЛЬНЫЙ ОКРУГ ХОРОШЕВО-МНЕВНИКИ, УЛ 3-Я ХОРОШЁВСКАЯ, ДОМ 13 КОРПУС 1, ПОМЕЩ. 4.4.
                                                                                                            [NAME] => ООО "ХАРЦ ЛАБС"
                                                                                                            [INN] => 7751087784
                                                                                                        )

                                                                                                    [PERSON] => Array
                                                                                                        (
                                                                                                            [NAME] => Адамов Андрей Владимирович
                                                                                                            [PHONE] => 78005559344
                                                                                                            [EMAIL] => info@harzlabs.ru
                                                                                                        )

                                                                                                    [ARRIVAL] => Array
                                                                                                        (
                                                                                                            [GOODSLOADING] => 0
                                                                                                            [IS_SMALL_GOODS] => 0
                                                                                                            [IS_INSURANCE_GOODS_WITH_DECLARE_PRICE] => 0
                                                                                                            [UNLOADING_TYPE] => NULL
                                                                                                            [UNLOADING_TRANSPORT_REQUIREMENTS] => NULL
                                                                                                            [UNLOADING_ADDITIONAL_EQUIPMENT] => NULL
                                                                                                        )

                                                                                                    [PRODUCT] => Array
                                                                                                        (
                                                                                                            [LENGTH] => 
                                                                                                            [WIDTH] => 
                                                                                                            [HEIGHT] => 
                                                                                                            [WEIGHT] => 
                                                                                                        )

                                                                                                    [WIDGET] => Array
                                                                                                        (
                                                                                                            [VIEW_TYPE] => 2
                                                                                                        )

                                                                                                )

                                                                                            [restricted:protected] => 
                                                                                            [trackingClass:protected] => \Sale\Handlers\Delivery\DellinTracking
                                                                                            [deliveryRequestHandler:protected] => 
                                                                                            [extraServices:protected] => Bitrix\Sale\Delivery\ExtraServices\Manager Object
                                                                                                (
                                                                                                    [items:protected] => Array
                                                                                                        (
                                                                                                        )

                                                                                                    [isClone:protected] => 
                                                                                                )

                                                                                            [trackingParams:protected] => Array
                                                                                                (
                                                                                                )

                                                                                            [allowEditShipment:protected] => Y
                                                                                            [isClone:protected] => 
                                                                                        )

                                                                                    [extraServices:protected] => 
                                                                                    [areExtraServicesChanged:protected] => 
                                                                                    [storeId:protected] => 
                                                                                    [isStoreIdChanged:protected] => 
                                                                                    [internalId:protected] => 0
                                                                                    [propertyCollection:protected] => 
                                                                                    [isNew:protected] => 1
                                                                                )

                                                                        )

                                                                    [index:Bitrix\Sale\Internals\EntityCollection:private] => 1
                                                                    [isClone:protected] => 
                                                                    [anyItemDeleted:protected] => 
                                                                    [anyItemAdded:protected] => 
                                                                    [order:protected] => Bitrix\Crm\Order\Order Object
 *RECURSION*
                                                                )

                                                            [internalIndex:protected] => 0
                                                            [isClone:protected] => 
                                                            [shipmentItemCollection:protected] => 
                                                            [service:protected] => Sale\Handlers\Delivery\DellinHandler Object
                                                                (
                                                                    [handlerCode:protected] => UNDEFINED
                                                                    [id:protected] => 99
                                                                    [name:protected] => Деловые линии (Доставка до терминала)
                                                                    [code:protected] => 
                                                                    [vatId:protected] => 0
                                                                    [sort:protected] => 100
                                                                    [logotip:protected] => 0
                                                                    [parentId:protected] => 0
                                                                    [currency:protected] => RUB
                                                                    [active:protected] => 1
                                                                    [description:protected] => Автоматизированый метод доставки ГК "Деловые линии".
                                                                    [config:protected] => Array
                                                                        (
                                                                            [MAIN] => Array
                                                                                (
                                                                                    [APIKEY] => D88FBA73-11D8-4791-98DB-4B6799D90D57
                                                                                    [LOGIN] => warehouse@harzlabs.ru
                                                                                    [PASSWORD] => HARZLabs2022
                                                                                )

                                                                            [DEBUG] => Array
                                                                                (
                                                                                    [DEBUG_MODE] => Y
                                                                                )

                                                                            [PACKAGES] => Array
                                                                                (
                                                                                    [crate] => N
                                                                                    [cratePlus] => N
                                                                                    [box] => N
                                                                                    [type] => N
                                                                                    [crateWithBubble] => N
                                                                                    [carGlass] => N
                                                                                    [carParts] => N
                                                                                    [palletWithBubble] => N
                                                                                    [bag] => N
                                                                                    [bubble] => N
                                                                                    [pallet] => N
                                                                                )

                                                                            [DERIVAL] => Array
                                                                                (
                                                                                    [CITY_NAME] => Мытищи
                                                                                    [CITY_KLADR] => 5000004400000000000000000
                                                                                    [GOODSLOADING] => 1
                                                                                    [ADDRESS] => Россия, Московская обл., г. Мытищи, ул. Силикатная, д. 51А, стр. 6
                                                                                    [TERMINAL_ID] => 0
                                                                                    [WORKTIMESTART] => 10:00
                                                                                    [BREAKSTART] => 12:00
                                                                                    [BREAKEND] => 13:00
                                                                                    [WORKTIMEEND] => 18:00
                                                                                    [LOADING_TYPE] => BACK
                                                                                    [REQUIREMENTSTRANSPORT] => 
                                                                                )

                                                                            [CARGO] => Array
                                                                                (
                                                                                    [DAYDELAY] => 
                                                                                    [LOADING_GROUPING_OF_GOODS] => ONE_CARGO_SPACE
                                                                                    [DEFAULT_PARAMS] => 0
                                                                                )

                                                                            [YURI] => Array
                                                                                (
                                                                                    [COUNTERAGENT] => 0
                                                                                    [OPF_COUNTRY] => 0x8f51001438c4d49511dbd774581edb7a
                                                                                    [OPF] => 0
                                                                                    [ADDRESS] => 123298, г. МОСКВА, ВН.ТЕР.Г.МУНИЦИПАЛЬНЫЙ ОКРУГ ХОРОШЕВО-МНЕВНИКИ, УЛ 3-Я ХОРОШЁВСКАЯ, ДОМ 13 КОРПУС 1, ПОМЕЩ. 4.4.
                                                                                    [NAME] => ООО "ХАРЦ ЛАБС"
                                                                                    [INN] => 7751087784
                                                                                )

                                                                            [PERSON] => Array
                                                                                (
                                                                                    [NAME] => Адамов Андрей Владимирович
                                                                                    [PHONE] => 78005559344
                                                                                    [EMAIL] => info@harzlabs.ru
                                                                                )

                                                                            [ARRIVAL] => Array
                                                                                (
                                                                                    [GOODSLOADING] => 0
                                                                                    [IS_SMALL_GOODS] => 0
                                                                                    [IS_INSURANCE_GOODS_WITH_DECLARE_PRICE] => 0
                                                                                    [UNLOADING_TYPE] => NULL
                                                                                    [UNLOADING_TRANSPORT_REQUIREMENTS] => NULL
                                                                                    [UNLOADING_ADDITIONAL_EQUIPMENT] => NULL
                                                                                )

                                                                            [PRODUCT] => Array
                                                                                (
                                                                                    [LENGTH] => 
                                                                                    [WIDTH] => 
                                                                                    [HEIGHT] => 
                                                                                    [WEIGHT] => 
                                                                                )

                                                                            [WIDGET] => Array
                                                                                (
                                                                                    [VIEW_TYPE] => 2
                                                                                )

                                                                        )

                                                                    [restricted:protected] => 
                                                                    [trackingClass:protected] => \Sale\Handlers\Delivery\DellinTracking
                                                                    [deliveryRequestHandler:protected] => 
                                                                    [extraServices:protected] => Bitrix\Sale\Delivery\ExtraServices\Manager Object
                                                                        (
                                                                            [items:protected] => Array
                                                                                (
                                                                                )

                                                                            [isClone:protected] => 
                                                                        )

                                                                    [trackingParams:protected] => Array
                                                                        (
                                                                        )

                                                                    [allowEditShipment:protected] => Y
                                                                    [isClone:protected] => 
                                                                )

                                                            [extraServices:protected] => 
                                                            [areExtraServicesChanged:protected] => 
                                                            [storeId:protected] => 
                                                            [isStoreIdChanged:protected] => 
                                                            [internalId:protected] => 21921
                                                            [propertyCollection:protected] => 
                                                            [isNew:protected] => 1
                                                        )

                                                )

                                            [1] => Bitrix\Crm\Order\PayableBasketItem Object
                                                (
                                                    [fields:protected] => Bitrix\Sale\Internals\Fields Object
                                                        (
                                                            [values:protected] => Array
                                                                (
                                                                    [ID] => 36619
                                                                    [ENTITY_ID] => 55903
                                                                    [ENTITY_TYPE] => BASKET_ITEM
                                                                    [PAYMENT_ID] => 10967
                                                                    [DATE_INSERT] => Bitrix\Main\Type\DateTime Object
                                                                        (
                                                                            [value:protected] => DateTime Object
                                                                                (
                                                                                    [date] => 2025-12-04 19:19:16.000000
                                                                                    [timezone_type] => 3
                                                                                    [timezone] => Europe/Moscow
                                                                                )

                                                                            [userTimeEnabled:protected] => 1
                                                                        )

                                                                    [QUANTITY] => 1.0000
                                                                    [XML_ID] => bx_6931b484dd4d6
                                                                )

                                                            [changedValues:protected] => Array
                                                                (
                                                                )

                                                            [originalValues:Bitrix\Sale\Internals\Fields:private] => Array
                                                                (
                                                                )

                                                            [customFields:Bitrix\Sale\Internals\Fields:private] => Array
                                                                (
                                                                )

                                                            [isClone:protected] => 
                                                        )

                                                    [eventName:protected] => 
                                                    [collection:protected] => Bitrix\Crm\Order\PayableItemCollection Object
 *RECURSION*
                                                    [internalIndex:protected] => 1
                                                    [isClone:protected] => 
                                                    [item:protected] => Bitrix\Crm\Order\BasketItem Object
                                                        (
                                                            [fields:protected] => Bitrix\Sale\Internals\Fields Object
                                                                (
                                                                    [values:protected] => Array
                                                                        (
                                                                            [ID] => 55903
                                                                            [LID] => st
                                                                            [MODULE] => catalog
                                                                            [PRODUCT_ID] => 303766
                                                                            [QUANTITY] => 1.0000
                                                                            [WEIGHT] => 1000.00
                                                                            [DELAY] => N
                                                                            [CAN_BUY] => Y
                                                                            [PRICE] => 10900
                                                                            [CUSTOM_PRICE] => N
                                                                            [BASE_PRICE] => 10900
                                                                            [PRODUCT_PRICE_ID] => 1983
                                                                            [PRICE_TYPE_ID] => 4
                                                                            [CURRENCY] => RUB
                                                                            [BARCODE_MULTI] => N
                                                                            [RESERVED] => N
                                                                            [RESERVE_QUANTITY] => 
                                                                            [NAME] => HARZ Labs Industrial ABS V2 (1 кг)
                                                                            [CATALOG_XML_ID] => offerstest2
                                                                            [VAT_RATE] => 0.2
                                                                            [NOTES] => Россия, ₽
                                                                            [DISCOUNT_PRICE] => 0
                                                                            [PRODUCT_PROVIDER_CLASS] => \Bitrix\Catalog\Product\CatalogProvider
                                                                            [CALLBACK_FUNC] => 
                                                                            [ORDER_CALLBACK_FUNC] => 
                                                                            [PAY_CALLBACK_FUNC] => 
                                                                            [CANCEL_CALLBACK_FUNC] => 
                                                                            [DIMENSIONS] => a:3:{s:5:"WIDTH";s:3:"100";s:6:"HEIGHT";s:3:"250";s:6:"LENGTH";s:3:"100";}
                                                                            [TYPE] => 
                                                                            [SET_PARENT_ID] => 
                                                                            [DETAIL_PAGE_URL] => /products/materialy/industrial-abs-v2.html
                                                                            [FUSER_ID] => 768972
                                                                            [MEASURE_CODE] => 796
                                                                            [MEASURE_NAME] => шт
                                                                            [ORDER_ID] => 10975
                                                                            [DATE_INSERT] => Bitrix\Main\Type\DateTime Object
                                                                                (
                                                                                    [value:protected] => DateTime Object
                                                                                        (
                                                                                            [date] => 2025-12-04 19:13:08.000000
                                                                                            [timezone_type] => 3
                                                                                            [timezone] => Europe/Moscow
                                                                                        )

                                                                                    [userTimeEnabled:protected] => 1
                                                                                )

                                                                            [DATE_UPDATE] => Bitrix\Main\Type\DateTime Object
                                                                                (
                                                                                    [value:protected] => DateTime Object
                                                                                        (
                                                                                            [date] => 2025-12-04 19:19:16.000000
                                                                                            [timezone_type] => 3
                                                                                            [timezone] => Europe/Moscow
                                                                                        )

                                                                                    [userTimeEnabled:protected] => 1
                                                                                )

                                                                            [PRODUCT_XML_ID] => 303765#303766
                                                                            [SUBSCRIBE] => N
                                                                            [RECOMMENDATION] => 
                                                                            [VAT_INCLUDED] => Y
                                                                            [SORT] => 100
                                                                            [DATE_REFRESH] => 
                                                                            [DISCOUNT_NAME] => 
                                                                            [DISCOUNT_VALUE] => 
                                                                            [DISCOUNT_COUPON] => 
                                                                            [XML_ID] => bx_6931b314379a0
                                                                            [MARKING_CODE_GROUP] => 
                                                                        )

                                                                    [changedValues:protected] => Array
                                                                        (
                                                                        )

                                                                    [originalValues:Bitrix\Sale\Internals\Fields:private] => Array
                                                                        (
                                                                        )

                                                                    [customFields:Bitrix\Sale\Internals\Fields:private] => Array
                                                                        (
                                                                        )

                                                                    [isClone:protected] => 
                                                                )

                                                            [eventName:protected] => 
                                                            [collection:protected] => Bitrix\Crm\Order\Basket Object
                                                                (
                                                                    [collection:protected] => Array
                                                                        (
                                                                            [0] => Bitrix\Crm\Order\BasketItem Object
 *RECURSION*
                                                                        )

                                                                    [index:Bitrix\Sale\Internals\EntityCollection:private] => 0
                                                                    [isClone:protected] => 
                                                                    [anyItemDeleted:protected] => 
                                                                    [anyItemAdded:protected] => 
                                                                    [siteId:protected] => st
                                                                    [fUserId:protected] => 768972
                                                                    [order:protected] => Bitrix\Crm\Order\Order Object
 *RECURSION*
                                                                    [basketItemIndexMap:protected] => Array
                                                                        (
                                                                            [55903] => 0
                                                                        )

                                                                    [maxItemSort:protected] => 
                                                                    [isLoadForFUserId:Bitrix\Sale\BasketBase:private] => 
                                                                    [isSaveExecuting:protected] => 
                                                                )

                                                            [internalIndex:protected] => 0
                                                            [isClone:protected] => 
                                                            [propertyCollection:protected] => Bitrix\Crm\Order\BasketPropertiesCollection Object
                                                                (
                                                                    [collection:protected] => Array
                                                                        (
                                                                            [0] => Bitrix\Crm\Order\BasketPropertyItem Object
                                                                                (
                                                                                    [fields:protected] => Bitrix\Sale\Internals\Fields Object
                                                                                        (
                                                                                            [values:protected] => Array
                                                                                                (
                                                                                                    [ID] => 178886
                                                                                                    [BASKET_ID] => 55903
                                                                                                    [NAME] => Color
                                                                                                    [VALUE] => Dark Grey
                                                                                                    [CODE] => COLOR
                                                                                                    [SORT] => 1
                                                                                                    [XML_ID] => bx_6931b31437afe
                                                                                                )

                                                                                            [changedValues:protected] => Array
                                                                                                (
                                                                                                )

                                                                                            [originalValues:Bitrix\Sale\Internals\Fields:private] => Array
                                                                                                (
                                                                                                )

                                                                                            [customFields:Bitrix\Sale\Internals\Fields:private] => Array
                                                                                                (
                                                                                                )

                                                                                            [isClone:protected] => 
                                                                                        )

                                                                                    [eventName:protected] => 
                                                                                    [collection:protected] => Bitrix\Crm\Order\BasketPropertiesCollection Object
 *RECURSION*
                                                                                    [internalIndex:protected] => 0
                                                                                    [isClone:protected] => 
                                                                                )

                                                                            [1] => Bitrix\Crm\Order\BasketPropertyItem Object
                                                                                (
                                                                                    [fields:protected] => Bitrix\Sale\Internals\Fields Object
                                                                                        (
                                                                                            [values:protected] => Array
                                                                                                (
                                                                                                    [ID] => 178887
                                                                                                    [BASKET_ID] => 55903
                                                                                                    [NAME] => Volume
                                                                                                    [VALUE] => 1 кг
                                                                                                    [CODE] => VOLUME
                                                                                                    [SORT] => 2
                                                                                                    [XML_ID] => bx_6931b31437b9e
                                                                                                )

                                                                                            [changedValues:protected] => Array
                                                                                                (
                                                                                                )

                                                                                            [originalValues:Bitrix\Sale\Internals\Fields:private] => Array
                                                                                                (
                                                                                                )

                                                                                            [customFields:Bitrix\Sale\Internals\Fields:private] => Array
                                                                                                (
                                                                                                )

                                                                                            [isClone:protected] => 
                                                                                        )

                                                                                    [eventName:protected] => 
                                                                                    [collection:protected] => Bitrix\Crm\Order\BasketPropertiesCollection Object
 *RECURSION*
                                                                                    [internalIndex:protected] => 1
                                                                                    [isClone:protected] => 
                                                                                )

                                                                            [2] => Bitrix\Crm\Order\BasketPropertyItem Object
                                                                                (
                                                                                    [fields:protected] => Bitrix\Sale\Internals\Fields Object
                                                                                        (
                                                                                            [values:protected] => Array
                                                                                                (
                                                                                                    [ID] => 178888
                                                                                                    [BASKET_ID] => 55903
                                                                                                    [NAME] => Catalog XML_ID
                                                                                                    [VALUE] => offerstest2
                                                                                                    [CODE] => CATALOG.XML_ID
                                                                                                    [SORT] => 100
                                                                                                    [XML_ID] => bx_6931b31437bc6
                                                                                                )

                                                                                            [changedValues:protected] => Array
                                                                                                (
                                                                                                )

                                                                                            [originalValues:Bitrix\Sale\Internals\Fields:private] => Array
                                                                                                (
                                                                                                )

                                                                                            [customFields:Bitrix\Sale\Internals\Fields:private] => Array
                                                                                                (
                                                                                                )

                                                                                            [isClone:protected] => 
                                                                                        )

                                                                                    [eventName:protected] => 
                                                                                    [collection:protected] => Bitrix\Crm\Order\BasketPropertiesCollection Object
 *RECURSION*
                                                                                    [internalIndex:protected] => 2
                                                                                    [isClone:protected] => 
                                                                                )

                                                                            [3] => Bitrix\Crm\Order\BasketPropertyItem Object
                                                                                (
                                                                                    [fields:protected] => Bitrix\Sale\Internals\Fields Object
                                                                                        (
                                                                                            [values:protected] => Array
                                                                                                (
                                                                                                    [ID] => 178889
                                                                                                    [BASKET_ID] => 55903
                                                                                                    [NAME] => Product XML_ID
                                                                                                    [VALUE] => 303765#303766
                                                                                                    [CODE] => PRODUCT.XML_ID
                                                                                                    [SORT] => 100
                                                                                                    [XML_ID] => bx_6931b31437be5
                                                                                                )

                                                                                            [changedValues:protected] => Array
                                                                                                (
                                                                                                )

                                                                                            [originalValues:Bitrix\Sale\Internals\Fields:private] => Array
                                                                                                (
                                                                                                )

                                                                                            [customFields:Bitrix\Sale\Internals\Fields:private] => Array
                                                                                                (
                                                                                                )

                                                                                            [isClone:protected] => 
                                                                                        )

                                                                                    [eventName:protected] => 
                                                                                    [collection:protected] => Bitrix\Crm\Order\BasketPropertiesCollection Object
 *RECURSION*
                                                                                    [internalIndex:protected] => 3
                                                                                    [isClone:protected] => 
                                                                                )

                                                                        )

                                                                    [index:Bitrix\Sale\Internals\EntityCollection:private] => 3
                                                                    [isClone:protected] => 
                                                                    [anyItemDeleted:protected] => 
                                                                    [anyItemAdded:protected] => 1
                                                                    [basketItem:protected] => Bitrix\Crm\Order\BasketItem Object
 *RECURSION*
                                                                )

                                                            [calculatedFields:protected] => Bitrix\Sale\Internals\Fields Object
                                                                (
                                                                    [values:protected] => Array
                                                                        (
                                                                        )

                                                                    [changedValues:protected] => Array
                                                                        (
                                                                        )

                                                                    [originalValues:Bitrix\Sale\Internals\Fields:private] => Array
                                                                        (
                                                                        )

                                                                    [customFields:Bitrix\Sale\Internals\Fields:private] => Array
                                                                        (
                                                                        )

                                                                    [isClone:protected] => 
                                                                )

                                                            [provider:protected] => 
                                                            [internalId:protected] => 55903
                                                            [bundleCollection:Bitrix\Sale\BasketItem:private] => 
                                                            [reserveQuantityCollection:protected] => 
                                                        )

                                                )

                                        )

                                    [index:Bitrix\Sale\Internals\EntityCollection:private] => 1
                                    [isClone:protected] => 
                                    [anyItemDeleted:protected] => 
                                    [anyItemAdded:protected] => 
                                    [payment:protected] => Bitrix\Crm\Order\Payment Object
 *RECURSION*
                                )

                        )

                )

            [index:Bitrix\Sale\Internals\EntityCollection:private] => 0
            [isClone:protected] => 
            [anyItemDeleted:protected] => 
            [anyItemAdded:protected] => 
            [order:protected] => Bitrix\Crm\Order\Order Object
 *RECURSION*
        )

    [tradeBindingCollection:protected] => Bitrix\Crm\Order\TradeBindingCollection Object
        (
            [collection:protected] => Array
                (
                )

            [index:Bitrix\Sale\Internals\EntityCollection:private] => -1
            [isClone:protected] => 
            [anyItemDeleted:protected] => 
            [anyItemAdded:protected] => 
            [order:protected] => Bitrix\Crm\Order\Order Object
 *RECURSION*
        )

    [printedChecks:protected] => Array
        (
        )

    [contactCompanyCollection:protected] => 
    [entityBinding:protected] => Bitrix\Crm\Order\EntityBinding Object
        (
            [fields:protected] => Bitrix\Sale\Internals\Fields Object
                (
                    [values:protected] => Array
                        (
                            [OWNER_ID] => 28769
                            [OWNER_TYPE_ID] => 2
                            [ORDER_ID] => 10975
                        )

                    [changedValues:protected] => Array
                        (
                        )

                    [originalValues:Bitrix\Sale\Internals\Fields:private] => Array
                        (
                        )

                    [customFields:Bitrix\Sale\Internals\Fields:private] => Array
                        (
                        )

                    [isClone:protected] => 
                )

            [eventName:protected] => 
            [order:Bitrix\Crm\Order\EntityBinding:private] => Bitrix\Crm\Order\Order Object
 *RECURSION*
            [isNewEntity:Bitrix\Crm\Order\EntityBinding:private] => 
            [isDeleted:Bitrix\Crm\Order\EntityBinding:private] => 
        )

    [requisiteList:Bitrix\Crm\Order\Order:private] => Array
        (
        )

)
</pre>2025-12-04 19:19:19<pre>Array
(
    [0] => 6
    [1] => 
)
</pre>2025-12-04 19:25:44<pre>Bitrix\Crm\Order\Order Object
(
    [fields:protected] => Bitrix\Sale\Internals\Fields Object
        (
            [values:protected] => Array
                (
                    [ID] => 10976
                    [LID] => st
                    [ACCOUNT_NUMBER] => HL-19425
                    [TRACKING_NUMBER] => 
                    [PAY_SYSTEM_ID] => 19
                    [DELIVERY_ID] => 99
                    [DATE_INSERT] => Bitrix\Main\Type\DateTime Object
                        (
                            [value:protected] => DateTime Object
                                (
                                    [date] => 2025-12-04 19:25:42.000000
                                    [timezone_type] => 3
                                    [timezone] => Europe/Moscow
                                )

                            [userTimeEnabled:protected] => 1
                        )

                    [DATE_UPDATE] => Bitrix\Main\Type\DateTime Object
                        (
                            [value:protected] => DateTime Object
                                (
                                    [date] => 2025-12-04 19:25:42.000000
                                    [timezone_type] => 3
                                    [timezone] => Europe/Moscow
                                )

                            [userTimeEnabled:protected] => 1
                        )

                    [PERSON_TYPE_ID] => 5
                    [USER_ID] => 11339
                    [PAYED] => N
                    [IS_SYNC_B24] => N
                    [DATE_PAYED] => 
                    [EMP_PAYED_ID] => 
                    [DEDUCTED] => N
                    [DATE_DEDUCTED] => 
                    [EMP_DEDUCTED_ID] => 
                    [REASON_UNDO_DEDUCTED] => 
                    [STATUS_ID] => N
                    [DATE_STATUS] => Bitrix\Main\Type\DateTime Object
                        (
                            [value:protected] => DateTime Object
                                (
                                    [date] => 2025-12-04 19:25:40.000000
                                    [timezone_type] => 3
                                    [timezone] => Europe/Moscow
                                )

                            [userTimeEnabled:protected] => 1
                        )

                    [EMP_STATUS_ID] => 11339
                    [MARKED] => N
                    [DATE_MARKED] => 
                    [EMP_MARKED_ID] => 
                    [REASON_MARKED] => 
                    [PRICE_DELIVERY] => 1653
                    [ALLOW_DELIVERY] => N
                    [DATE_ALLOW_DELIVERY] => 
                    [EMP_ALLOW_DELIVERY_ID] => 
                    [RESERVED] => N
                    [PRICE] => 12553
                    [CURRENCY] => RUB
                    [DISCOUNT_VALUE] => 0
                    [TAX_VALUE] => 1816.67
                    [SUM_PAID] => 0
                    [USER_DESCRIPTION] => test2test2test2test2test2test2test2
                    [PAY_VOUCHER_NUM] => 
                    [PAY_VOUCHER_DATE] => 
                    [ADDITIONAL_INFO] => 
                    [COMMENTS] => 
                    [COMPANY_ID] => 1
                    [CREATED_BY] => 11339
                    [RESPONSIBLE_ID] => 527
                    [STAT_GID] => 
                    [DATE_PAY_BEFORE] => 
                    [DATE_BILL] => 
                    [IS_RECURRING] => N
                    [RECURRING_ID] => 
                    [LOCKED_BY] => 
                    [DATE_LOCK] => 
                    [RECOUNT_FLAG] => Y
                    [AFFILIATE_ID] => 
                    [DELIVERY_DOC_NUM] => 
                    [DELIVERY_DOC_DATE] => 
                    [UPDATED_1C] => N
                    [ORDER_TOPIC] => 
                    [XML_ID] => bx_6931b604cae55
                    [ID_1C] => 
                    [VERSION_1C] => 
                    [VERSION] => 0
                    [EXTERNAL_ORDER] => N
                    [STORE_ID] => 
                    [CANCELED] => N
                    [EMP_CANCELED_ID] => 
                    [DATE_CANCELED] => 
                    [REASON_CANCELED] => 
                    [BX_USER_ID] => 
                    [SEARCH_CONTENT] => 10976 UY-19425 12553 grfg2@grfg2.eh Битрикс Бот Тест Тест 79044247522 89044247522 9044247522 044247522 44247522 4247522 247522 47522 7522 522 grfg2 eh 04.12.2025 19:25:42 grfg2grfg2grfg2grfg2grfg2grfg2grfg2
                    [RUNNING] => N
                )

            [changedValues:protected] => Array
                (
                )

            [originalValues:Bitrix\Sale\Internals\Fields:private] => Array
                (
                )

            [customFields:Bitrix\Sale\Internals\Fields:private] => Array
                (
                )

            [isClone:protected] => 
        )

    [eventName:protected] => 
    [calculatedFields:protected] => Bitrix\Sale\Internals\Fields Object
        (
            [values:protected] => Array
                (
                    [USE_VAT] => Y
                    [VAT_RATE] => 0.2
                    [VAT_SUM] => 1816.67
                    [VAT_DELIVERY] => 0
                )

            [changedValues:protected] => Array
                (
                    [USE_VAT] => 1
                    [VAT_RATE] => 1
                    [VAT_SUM] => 1
                    [VAT_DELIVERY] => 1
                )

            [originalValues:Bitrix\Sale\Internals\Fields:private] => Array
                (
                    [USE_VAT] => 
                    [VAT_RATE] => 
                    [VAT_SUM] => 
                    [VAT_DELIVERY] => 
                )

            [customFields:Bitrix\Sale\Internals\Fields:private] => Array
                (
                )

            [isClone:protected] => 
        )

    [basketCollection:protected] => Bitrix\Crm\Order\Basket Object
        (
            [collection:protected] => Array
                (
                    [0] => Bitrix\Crm\Order\BasketItem Object
                        (
                            [fields:protected] => Bitrix\Sale\Internals\Fields Object
                                (
                                    [values:protected] => Array
                                        (
                                            [ID] => 55905
                                            [LID] => st
                                            [MODULE] => catalog
                                            [PRODUCT_ID] => 303766
                                            [QUANTITY] => 1.0000
                                            [WEIGHT] => 1000.00
                                            [DELAY] => N
                                            [CAN_BUY] => Y
                                            [PRICE] => 10900
                                            [CUSTOM_PRICE] => N
                                            [BASE_PRICE] => 10900
                                            [PRODUCT_PRICE_ID] => 1983
                                            [PRICE_TYPE_ID] => 4
                                            [CURRENCY] => RUB
                                            [BARCODE_MULTI] => N
                                            [RESERVED] => N
                                            [RESERVE_QUANTITY] => 
                                            [NAME] => HARZ Labs Industrial ABS V2 (1 кг)
                                            [CATALOG_XML_ID] => offerstest2
                                            [VAT_RATE] => 0.2
                                            [NOTES] => Россия, ₽
                                            [DISCOUNT_PRICE] => 0
                                            [PRODUCT_PROVIDER_CLASS] => \Bitrix\Catalog\Product\CatalogProvider
                                            [CALLBACK_FUNC] => 
                                            [ORDER_CALLBACK_FUNC] => 
                                            [PAY_CALLBACK_FUNC] => 
                                            [CANCEL_CALLBACK_FUNC] => 
                                            [DIMENSIONS] => a:3:{s:5:"WIDTH";s:3:"100";s:6:"HEIGHT";s:3:"250";s:6:"LENGTH";s:3:"100";}
                                            [TYPE] => 
                                            [SET_PARENT_ID] => 
                                            [DETAIL_PAGE_URL] => /products/materialy/industrial-abs-v2.html
                                            [FUSER_ID] => 768982
                                            [MEASURE_CODE] => 796
                                            [MEASURE_NAME] => шт
                                            [ORDER_ID] => 10976
                                            [DATE_INSERT] => Bitrix\Main\Type\DateTime Object
                                                (
                                                    [value:protected] => DateTime Object
                                                        (
                                                            [date] => 2025-12-04 19:23:21.000000
                                                            [timezone_type] => 3
                                                            [timezone] => Europe/Moscow
                                                        )

                                                    [userTimeEnabled:protected] => 1
                                                )

                                            [DATE_UPDATE] => Bitrix\Main\Type\DateTime Object
                                                (
                                                    [value:protected] => DateTime Object
                                                        (
                                                            [date] => 2025-12-04 19:25:42.000000
                                                            [timezone_type] => 3
                                                            [timezone] => Europe/Moscow
                                                        )

                                                    [userTimeEnabled:protected] => 1
                                                )

                                            [PRODUCT_XML_ID] => 303765#303766
                                            [SUBSCRIBE] => N
                                            [RECOMMENDATION] => 
                                            [VAT_INCLUDED] => Y
                                            [SORT] => 100
                                            [DATE_REFRESH] => 
                                            [DISCOUNT_NAME] => 
                                            [DISCOUNT_VALUE] => 
                                            [DISCOUNT_COUPON] => 
                                            [XML_ID] => bx_6931b57902681
                                            [MARKING_CODE_GROUP] => 
                                        )

                                    [changedValues:protected] => Array
                                        (
                                        )

                                    [originalValues:Bitrix\Sale\Internals\Fields:private] => Array
                                        (
                                        )

                                    [customFields:Bitrix\Sale\Internals\Fields:private] => Array
                                        (
                                        )

                                    [isClone:protected] => 
                                )

                            [eventName:protected] => 
                            [collection:protected] => Bitrix\Crm\Order\Basket Object
 *RECURSION*
                            [internalIndex:protected] => 0
                            [isClone:protected] => 
                            [propertyCollection:protected] => Bitrix\Crm\Order\BasketPropertiesCollection Object
                                (
                                    [collection:protected] => Array
                                        (
                                            [0] => Bitrix\Crm\Order\BasketPropertyItem Object
                                                (
                                                    [fields:protected] => Bitrix\Sale\Internals\Fields Object
                                                        (
                                                            [values:protected] => Array
                                                                (
                                                                    [ID] => 178890
                                                                    [BASKET_ID] => 55905
                                                                    [NAME] => Color
                                                                    [VALUE] => Dark Grey
                                                                    [CODE] => COLOR
                                                                    [SORT] => 1
                                                                    [XML_ID] => bx_6931b579027d9
                                                                )

                                                            [changedValues:protected] => Array
                                                                (
                                                                )

                                                            [originalValues:Bitrix\Sale\Internals\Fields:private] => Array
                                                                (
                                                                )

                                                            [customFields:Bitrix\Sale\Internals\Fields:private] => Array
                                                                (
                                                                )

                                                            [isClone:protected] => 
                                                        )

                                                    [eventName:protected] => 
                                                    [collection:protected] => Bitrix\Crm\Order\BasketPropertiesCollection Object
 *RECURSION*
                                                    [internalIndex:protected] => 0
                                                    [isClone:protected] => 
                                                )

                                            [1] => Bitrix\Crm\Order\BasketPropertyItem Object
                                                (
                                                    [fields:protected] => Bitrix\Sale\Internals\Fields Object
                                                        (
                                                            [values:protected] => Array
                                                                (
                                                                    [ID] => 178891
                                                                    [BASKET_ID] => 55905
                                                                    [NAME] => Volume
                                                                    [VALUE] => 1 кг
                                                                    [CODE] => VOLUME
                                                                    [SORT] => 2
                                                                    [XML_ID] => bx_6931b57902879
                                                                )

                                                            [changedValues:protected] => Array
                                                                (
                                                                )

                                                            [originalValues:Bitrix\Sale\Internals\Fields:private] => Array
                                                                (
                                                                )

                                                            [customFields:Bitrix\Sale\Internals\Fields:private] => Array
                                                                (
                                                                )

                                                            [isClone:protected] => 
                                                        )

                                                    [eventName:protected] => 
                                                    [collection:protected] => Bitrix\Crm\Order\BasketPropertiesCollection Object
 *RECURSION*
                                                    [internalIndex:protected] => 1
                                                    [isClone:protected] => 
                                                )

                                            [2] => Bitrix\Crm\Order\BasketPropertyItem Object
                                                (
                                                    [fields:protected] => Bitrix\Sale\Internals\Fields Object
                                                        (
                                                            [values:protected] => Array
                                                                (
                                                                    [ID] => 178892
                                                                    [BASKET_ID] => 55905
                                                                    [NAME] => Catalog XML_ID
                                                                    [VALUE] => offerstest2
                                                                    [CODE] => CATALOG.XML_ID
                                                                    [SORT] => 100
                                                                    [XML_ID] => bx_6931b579028a1
                                                                )

                                                            [changedValues:protected] => Array
                                                                (
                                                                )

                                                            [originalValues:Bitrix\Sale\Internals\Fields:private] => Array
                                                                (
                                                                )

                                                            [customFields:Bitrix\Sale\Internals\Fields:private] => Array
                                                                (
                                                                )

                                                            [isClone:protected] => 
                                                        )

                                                    [eventName:protected] => 
                                                    [collection:protected] => Bitrix\Crm\Order\BasketPropertiesCollection Object
 *RECURSION*
                                                    [internalIndex:protected] => 2
                                                    [isClone:protected] => 
                                                )

                                            [3] => Bitrix\Crm\Order\BasketPropertyItem Object
                                                (
                                                    [fields:protected] => Bitrix\Sale\Internals\Fields Object
                                                        (
                                                            [values:protected] => Array
                                                                (
                                                                    [ID] => 178893
                                                                    [BASKET_ID] => 55905
                                                                    [NAME] => Product XML_ID
                                                                    [VALUE] => 303765#303766
                                                                    [CODE] => PRODUCT.XML_ID
                                                                    [SORT] => 100
                                                                    [XML_ID] => bx_6931b579028c0
                                                                )

                                                            [changedValues:protected] => Array
                                                                (
                                                                )

                                                            [originalValues:Bitrix\Sale\Internals\Fields:private] => Array
                                                                (
                                                                )

                                                            [customFields:Bitrix\Sale\Internals\Fields:private] => Array
                                                                (
                                                                )

                                                            [isClone:protected] => 
                                                        )

                                                    [eventName:protected] => 
                                                    [collection:protected] => Bitrix\Crm\Order\BasketPropertiesCollection Object
 *RECURSION*
                                                    [internalIndex:protected] => 3
                                                    [isClone:protected] => 
                                                )

                                        )

                                    [index:Bitrix\Sale\Internals\EntityCollection:private] => 3
                                    [isClone:protected] => 
                                    [anyItemDeleted:protected] => 
                                    [anyItemAdded:protected] => 1
                                    [basketItem:protected] => Bitrix\Crm\Order\BasketItem Object
 *RECURSION*
                                )

                            [calculatedFields:protected] => Bitrix\Sale\Internals\Fields Object
                                (
                                    [values:protected] => Array
                                        (
                                        )

                                    [changedValues:protected] => Array
                                        (
                                        )

                                    [originalValues:Bitrix\Sale\Internals\Fields:private] => Array
                                        (
                                        )

                                    [customFields:Bitrix\Sale\Internals\Fields:private] => Array
                                        (
                                        )

                                    [isClone:protected] => 
                                )

                            [provider:protected] => 
                            [internalId:protected] => 55905
                            [bundleCollection:Bitrix\Sale\BasketItem:private] => 
                            [reserveQuantityCollection:protected] => 
                        )

                )

            [index:Bitrix\Sale\Internals\EntityCollection:private] => 0
            [isClone:protected] => 
            [anyItemDeleted:protected] => 
            [anyItemAdded:protected] => 
            [siteId:protected] => st
            [fUserId:protected] => 768982
            [order:protected] => Bitrix\Crm\Order\Order Object
 *RECURSION*
            [basketItemIndexMap:protected] => Array
                (
                    [55905] => 0
                )

            [maxItemSort:protected] => 
            [isLoadForFUserId:Bitrix\Sale\BasketBase:private] => 
            [isSaveExecuting:protected] => 
        )

    [propertyCollection:protected] => Bitrix\Crm\Order\PropertyValueCollection Object
        (
            [collection:protected] => Array
                (
                    [0] => Bitrix\Crm\Order\PropertyValue Object
                        (
                            [fields:protected] => Bitrix\Sale\Internals\Fields Object
                                (
                                    [values:protected] => Array
                                        (
                                            [ID] => 160221
                                            [NAME] => Местоположение
                                            [VALUE] => 0000426112
                                            [CODE] => LOCATION
                                            [ORDER_PROPS_ID] => 49
                                        )

                                    [changedValues:protected] => Array
                                        (
                                        )

                                    [originalValues:Bitrix\Sale\Internals\Fields:private] => Array
                                        (
                                        )

                                    [customFields:Bitrix\Sale\Internals\Fields:private] => Array
                                        (
                                        )

                                    [isClone:protected] => 
                                )

                            [eventName:protected] => 
                            [collection:protected] => Bitrix\Crm\Order\PropertyValueCollection Object
 *RECURSION*
                            [internalIndex:protected] => 0
                            [isClone:protected] => 
                            [property:protected] => Bitrix\Crm\Order\Property Object
                                (
                                    [fields:protected] => Array
                                        (
                                            [ID] => 49
                                            [PERSON_TYPE_ID] => 5
                                            [NAME] => Местоположение
                                            [TYPE] => LOCATION
                                            [REQUIRED] => Y
                                            [DEFAULT_VALUE] => 0000073738
                                            [SORT] => 10
                                            [USER_PROPS] => Y
                                            [IS_LOCATION] => Y
                                            [PROPS_GROUP_ID] => 11
                                            [DESCRIPTION] => 
                                            [IS_EMAIL] => N
                                            [IS_PROFILE_NAME] => N
                                            [IS_PAYER] => N
                                            [IS_LOCATION4TAX] => Y
                                            [IS_FILTERED] => Y
                                            [CODE] => LOCATION
                                            [IS_ZIP] => N
                                            [IS_PHONE] => N
                                            [IS_ADDRESS] => N
                                            [IS_ADDRESS_FROM] => N
                                            [IS_ADDRESS_TO] => N
                                            [ACTIVE] => Y
                                            [UTIL] => N
                                            [INPUT_FIELD_LOCATION] => 0
                                            [MULTIPLE] => N
                                            [ENTITY_TYPE] => ORDER
                                            [RELATION] => Array
                                                (
                                                )

                                        )

                                )

                        )

                    [1] => Bitrix\Crm\Order\PropertyValue Object
                        (
                            [fields:protected] => Bitrix\Sale\Internals\Fields Object
                                (
                                    [values:protected] => Array
                                        (
                                            [ID] => 160222
                                            [NAME] => ФИО
                                            [VALUE] => 
                                            [CODE] => NAME
                                            [ORDER_PROPS_ID] => 103
                                        )

                                    [changedValues:protected] => Array
                                        (
                                        )

                                    [originalValues:Bitrix\Sale\Internals\Fields:private] => Array
                                        (
                                        )

                                    [customFields:Bitrix\Sale\Internals\Fields:private] => Array
                                        (
                                        )

                                    [isClone:protected] => 
                                )

                            [eventName:protected] => 
                            [collection:protected] => Bitrix\Crm\Order\PropertyValueCollection Object
 *RECURSION*
                            [internalIndex:protected] => 1
                            [isClone:protected] => 
                            [property:protected] => Bitrix\Crm\Order\Property Object
                                (
                                    [fields:protected] => Array
                                        (
                                            [ID] => 103
                                            [PERSON_TYPE_ID] => 5
                                            [NAME] => ФИО
                                            [TYPE] => STRING
                                            [REQUIRED] => Y
                                            [DEFAULT_VALUE] => 
                                            [SORT] => 20
                                            [USER_PROPS] => Y
                                            [IS_LOCATION] => N
                                            [PROPS_GROUP_ID] => 9
                                            [DESCRIPTION] => 
                                            [IS_EMAIL] => N
                                            [IS_PROFILE_NAME] => Y
                                            [IS_PAYER] => Y
                                            [IS_LOCATION4TAX] => N
                                            [IS_FILTERED] => N
                                            [CODE] => NAME
                                            [IS_ZIP] => N
                                            [IS_PHONE] => N
                                            [IS_ADDRESS] => N
                                            [IS_ADDRESS_FROM] => N
                                            [IS_ADDRESS_TO] => N
                                            [ACTIVE] => Y
                                            [UTIL] => Y
                                            [INPUT_FIELD_LOCATION] => 0
                                            [MULTIPLE] => N
                                            [ENTITY_TYPE] => ORDER
                                            [MINLENGTH] => 
                                            [MAXLENGTH] => 
                                            [PATTERN] => 
                                            [MULTILINE] => N
                                            [SIZE] => 
                                            [RELATION] => Array
                                                (
                                                )

                                        )

                                )

                        )

                    [2] => Bitrix\Crm\Order\PropertyValue Object
                        (
                            [fields:protected] => Bitrix\Sale\Internals\Fields Object
                                (
                                    [values:protected] => Array
                                        (
                                            [ID] => 160223
                                            [NAME] => ФИО
                                            [VALUE] => 
                                            [CODE] => CONTACT_FULL_NAME
                                            [ORDER_PROPS_ID] => 144
                                        )

                                    [changedValues:protected] => Array
                                        (
                                        )

                                    [originalValues:Bitrix\Sale\Internals\Fields:private] => Array
                                        (
                                        )

                                    [customFields:Bitrix\Sale\Internals\Fields:private] => Array
                                        (
                                        )

                                    [isClone:protected] => 
                                )

                            [eventName:protected] => 
                            [collection:protected] => Bitrix\Crm\Order\PropertyValueCollection Object
 *RECURSION*
                            [internalIndex:protected] => 2
                            [isClone:protected] => 
                            [property:protected] => Bitrix\Crm\Order\Property Object
                                (
                                    [fields:protected] => Array
                                        (
                                            [ID] => 144
                                            [PERSON_TYPE_ID] => 5
                                            [NAME] => ФИО
                                            [TYPE] => STRING
                                            [REQUIRED] => N
                                            [DEFAULT_VALUE] => 
                                            [SORT] => 20
                                            [USER_PROPS] => Y
                                            [IS_LOCATION] => N
                                            [PROPS_GROUP_ID] => 9
                                            [DESCRIPTION] => 
                                            [IS_EMAIL] => N
                                            [IS_PROFILE_NAME] => N
                                            [IS_PAYER] => N
                                            [IS_LOCATION4TAX] => N
                                            [IS_FILTERED] => N
                                            [CODE] => CONTACT_FULL_NAME
                                            [IS_ZIP] => N
                                            [IS_PHONE] => N
                                            [IS_ADDRESS] => N
                                            [IS_ADDRESS_FROM] => N
                                            [IS_ADDRESS_TO] => N
                                            [ACTIVE] => Y
                                            [UTIL] => Y
                                            [INPUT_FIELD_LOCATION] => 0
                                            [MULTIPLE] => N
                                            [ENTITY_TYPE] => ORDER
                                            [RELATION] => Array
                                                (
                                                )

                                        )

                                )

                        )

                    [3] => Bitrix\Crm\Order\PropertyValue Object
                        (
                            [fields:protected] => Bitrix\Sale\Internals\Fields Object
                                (
                                    [values:protected] => Array
                                        (
                                            [ID] => 160224
                                            [NAME] => Имя
                                            [VALUE] => Тест
                                            [CODE] => CONTACT_NAME
                                            [ORDER_PROPS_ID] => 150
                                        )

                                    [changedValues:protected] => Array
                                        (
                                        )

                                    [originalValues:Bitrix\Sale\Internals\Fields:private] => Array
                                        (
                                        )

                                    [customFields:Bitrix\Sale\Internals\Fields:private] => Array
                                        (
                                        )

                                    [isClone:protected] => 
                                )

                            [eventName:protected] => 
                            [collection:protected] => Bitrix\Crm\Order\PropertyValueCollection Object
 *RECURSION*
                            [internalIndex:protected] => 3
                            [isClone:protected] => 
                            [property:protected] => Bitrix\Crm\Order\Property Object
                                (
                                    [fields:protected] => Array
                                        (
                                            [ID] => 150
                                            [PERSON_TYPE_ID] => 5
                                            [NAME] => Имя
                                            [TYPE] => STRING
                                            [REQUIRED] => Y
                                            [DEFAULT_VALUE] => 
                                            [SORT] => 20
                                            [USER_PROPS] => Y
                                            [IS_LOCATION] => N
                                            [PROPS_GROUP_ID] => 9
                                            [DESCRIPTION] => 
                                            [IS_EMAIL] => N
                                            [IS_PROFILE_NAME] => N
                                            [IS_PAYER] => N
                                            [IS_LOCATION4TAX] => N
                                            [IS_FILTERED] => N
                                            [CODE] => CONTACT_NAME
                                            [IS_ZIP] => N
                                            [IS_PHONE] => N
                                            [IS_ADDRESS] => N
                                            [IS_ADDRESS_FROM] => N
                                            [IS_ADDRESS_TO] => N
                                            [ACTIVE] => Y
                                            [UTIL] => N
                                            [INPUT_FIELD_LOCATION] => 0
                                            [MULTIPLE] => N
                                            [ENTITY_TYPE] => ORDER
                                            [RELATION] => Array
                                                (
                                                )

                                        )

                                )

                        )

                    [4] => Bitrix\Crm\Order\PropertyValue Object
                        (
                            [fields:protected] => Bitrix\Sale\Internals\Fields Object
                                (
                                    [values:protected] => Array
                                        (
                                            [ID] => 160225
                                            [NAME] => Фамилия
                                            [VALUE] => Тест
                                            [CODE] => CONTACT_LAST_NAME
                                            [ORDER_PROPS_ID] => 151
                                        )

                                    [changedValues:protected] => Array
                                        (
                                        )

                                    [originalValues:Bitrix\Sale\Internals\Fields:private] => Array
                                        (
                                        )

                                    [customFields:Bitrix\Sale\Internals\Fields:private] => Array
                                        (
                                        )

                                    [isClone:protected] => 
                                )

                            [eventName:protected] => 
                            [collection:protected] => Bitrix\Crm\Order\PropertyValueCollection Object
 *RECURSION*
                            [internalIndex:protected] => 4
                            [isClone:protected] => 
                            [property:protected] => Bitrix\Crm\Order\Property Object
                                (
                                    [fields:protected] => Array
                                        (
                                            [ID] => 151
                                            [PERSON_TYPE_ID] => 5
                                            [NAME] => Фамилия
                                            [TYPE] => STRING
                                            [REQUIRED] => Y
                                            [DEFAULT_VALUE] => 
                                            [SORT] => 30
                                            [USER_PROPS] => Y
                                            [IS_LOCATION] => N
                                            [PROPS_GROUP_ID] => 9
                                            [DESCRIPTION] => 
                                            [IS_EMAIL] => N
                                            [IS_PROFILE_NAME] => N
                                            [IS_PAYER] => N
                                            [IS_LOCATION4TAX] => N
                                            [IS_FILTERED] => N
                                            [CODE] => CONTACT_LAST_NAME
                                            [IS_ZIP] => N
                                            [IS_PHONE] => N
                                            [IS_ADDRESS] => N
                                            [IS_ADDRESS_FROM] => N
                                            [IS_ADDRESS_TO] => N
                                            [ACTIVE] => Y
                                            [UTIL] => N
                                            [INPUT_FIELD_LOCATION] => 0
                                            [MULTIPLE] => N
                                            [ENTITY_TYPE] => ORDER
                                            [MINLENGTH] => 
                                            [MAXLENGTH] => 
                                            [PATTERN] => 
                                            [MULTILINE] => N
                                            [SIZE] => 
                                            [RELATION] => Array
                                                (
                                                )

                                        )

                                )

                        )

                    [5] => Bitrix\Crm\Order\PropertyValue Object
                        (
                            [fields:protected] => Bitrix\Sale\Internals\Fields Object
                                (
                                    [values:protected] => Array
                                        (
                                            [ID] => 160229
                                            [NAME] => E-Mail
                                            [VALUE] => test2@test2.ru
                                            [CODE] => EMAIL
                                            [ORDER_PROPS_ID] => 41
                                        )

                                    [changedValues:protected] => Array
                                        (
                                        )

                                    [originalValues:Bitrix\Sale\Internals\Fields:private] => Array
                                        (
                                        )

                                    [customFields:Bitrix\Sale\Internals\Fields:private] => Array
                                        (
                                        )

                                    [isClone:protected] => 
                                )

                            [eventName:protected] => 
                            [collection:protected] => Bitrix\Crm\Order\PropertyValueCollection Object
 *RECURSION*
                            [internalIndex:protected] => 5
                            [isClone:protected] => 
                            [property:protected] => Bitrix\Crm\Order\Property Object
                                (
                                    [fields:protected] => Array
                                        (
                                            [ID] => 41
                                            [PERSON_TYPE_ID] => 5
                                            [NAME] => E-Mail
                                            [TYPE] => STRING
                                            [REQUIRED] => Y
                                            [DEFAULT_VALUE] => 
                                            [SORT] => 40
                                            [USER_PROPS] => Y
                                            [IS_LOCATION] => N
                                            [PROPS_GROUP_ID] => 9
                                            [DESCRIPTION] => 
                                            [IS_EMAIL] => Y
                                            [IS_PROFILE_NAME] => Y
                                            [IS_PAYER] => N
                                            [IS_LOCATION4TAX] => N
                                            [IS_FILTERED] => Y
                                            [CODE] => EMAIL
                                            [IS_ZIP] => N
                                            [IS_PHONE] => N
                                            [IS_ADDRESS] => N
                                            [IS_ADDRESS_FROM] => N
                                            [IS_ADDRESS_TO] => N
                                            [ACTIVE] => Y
                                            [UTIL] => N
                                            [INPUT_FIELD_LOCATION] => 0
                                            [MULTIPLE] => N
                                            [ENTITY_TYPE] => ORDER
                                            [MINLENGTH] => 
                                            [MAXLENGTH] => 
                                            [PATTERN] => 
                                            [MULTILINE] => N
                                            [SIZE] => 40
                                            [RELATION] => Array
                                                (
                                                    [0] => Array
                                                        (
                                                            [PROPERTY_ID] => 41
                                                            [ENTITY_ID] => 3
                                                            [ENTITY_TYPE] => D
                                                        )

                                                    [1] => Array
                                                        (
                                                            [PROPERTY_ID] => 41
                                                            [ENTITY_ID] => 55
                                                            [ENTITY_TYPE] => D
                                                        )

                                                    [2] => Array
                                                        (
                                                            [PROPERTY_ID] => 41
                                                            [ENTITY_ID] => 56
                                                            [ENTITY_TYPE] => D
                                                        )

                                                    [3] => Array
                                                        (
                                                            [PROPERTY_ID] => 41
                                                            [ENTITY_ID] => 60
                                                            [ENTITY_TYPE] => D
                                                        )

                                                    [4] => Array
                                                        (
                                                            [PROPERTY_ID] => 41
                                                            [ENTITY_ID] => 99
                                                            [ENTITY_TYPE] => D
                                                        )

                                                )

                                        )

                                )

                        )

                    [6] => Bitrix\Crm\Order\PropertyValue Object
                        (
                            [fields:protected] => Bitrix\Sale\Internals\Fields Object
                                (
                                    [values:protected] => Array
                                        (
                                            [ID] => 160230
                                            [NAME] => Телефон
                                            [VALUE] => 79044247522
                                            [CODE] => PHONE
                                            [ORDER_PROPS_ID] => 43
                                        )

                                    [changedValues:protected] => Array
                                        (
                                        )

                                    [originalValues:Bitrix\Sale\Internals\Fields:private] => Array
                                        (
                                        )

                                    [customFields:Bitrix\Sale\Internals\Fields:private] => Array
                                        (
                                        )

                                    [isClone:protected] => 
                                )

                            [eventName:protected] => 
                            [collection:protected] => Bitrix\Crm\Order\PropertyValueCollection Object
 *RECURSION*
                            [internalIndex:protected] => 6
                            [isClone:protected] => 
                            [property:protected] => Bitrix\Crm\Order\Property Object
                                (
                                    [fields:protected] => Array
                                        (
                                            [ID] => 43
                                            [PERSON_TYPE_ID] => 5
                                            [NAME] => Телефон
                                            [TYPE] => STRING
                                            [REQUIRED] => Y
                                            [DEFAULT_VALUE] => 
                                            [SORT] => 60
                                            [USER_PROPS] => Y
                                            [IS_LOCATION] => N
                                            [PROPS_GROUP_ID] => 9
                                            [DESCRIPTION] => 
                                            [IS_EMAIL] => N
                                            [IS_PROFILE_NAME] => N
                                            [IS_PAYER] => N
                                            [IS_LOCATION4TAX] => N
                                            [IS_FILTERED] => N
                                            [CODE] => PHONE
                                            [IS_ZIP] => N
                                            [IS_PHONE] => Y
                                            [IS_ADDRESS] => N
                                            [IS_ADDRESS_FROM] => N
                                            [IS_ADDRESS_TO] => N
                                            [ACTIVE] => Y
                                            [UTIL] => N
                                            [INPUT_FIELD_LOCATION] => 0
                                            [MULTIPLE] => N
                                            [ENTITY_TYPE] => ORDER
                                            [MINLENGTH] => 
                                            [MAXLENGTH] => 
                                            [PATTERN] => 
                                            [MULTILINE] => N
                                            [SIZE] => 
                                            [RELATION] => Array
                                                (
                                                    [0] => Array
                                                        (
                                                            [PROPERTY_ID] => 43
                                                            [ENTITY_ID] => 3
                                                            [ENTITY_TYPE] => D
                                                        )

                                                    [1] => Array
                                                        (
                                                            [PROPERTY_ID] => 43
                                                            [ENTITY_ID] => 55
                                                            [ENTITY_TYPE] => D
                                                        )

                                                    [2] => Array
                                                        (
                                                            [PROPERTY_ID] => 43
                                                            [ENTITY_ID] => 56
                                                            [ENTITY_TYPE] => D
                                                        )

                                                    [3] => Array
                                                        (
                                                            [PROPERTY_ID] => 43
                                                            [ENTITY_ID] => 60
                                                            [ENTITY_TYPE] => D
                                                        )

                                                    [4] => Array
                                                        (
                                                            [PROPERTY_ID] => 43
                                                            [ENTITY_ID] => 99
                                                            [ENTITY_TYPE] => D
                                                        )

                                                )

                                        )

                                )

                        )

                    [7] => Bitrix\Crm\Order\PropertyValue Object
                        (
                            [fields:protected] => Bitrix\Sale\Internals\Fields Object
                                (
                                    [values:protected] => Array
                                        (
                                            [ID] => 160226
                                            [NAME] => Рассчитанный тариф СДЭК
                                            [VALUE] => 137
                                            [CODE] => IPOLSDEK_CNTDTARIF
                                            [ORDER_PROPS_ID] => 90
                                        )

                                    [changedValues:protected] => Array
                                        (
                                        )

                                    [originalValues:Bitrix\Sale\Internals\Fields:private] => Array
                                        (
                                        )

                                    [customFields:Bitrix\Sale\Internals\Fields:private] => Array
                                        (
                                        )

                                    [isClone:protected] => 
                                )

                            [eventName:protected] => 
                            [collection:protected] => Bitrix\Crm\Order\PropertyValueCollection Object
 *RECURSION*
                            [internalIndex:protected] => 7
                            [isClone:protected] => 
                            [property:protected] => Bitrix\Crm\Order\Property Object
                                (
                                    [fields:protected] => Array
                                        (
                                            [ID] => 90
                                            [PERSON_TYPE_ID] => 5
                                            [NAME] => Рассчитанный тариф СДЭК
                                            [TYPE] => STRING
                                            [REQUIRED] => N
                                            [DEFAULT_VALUE] => 
                                            [SORT] => 100
                                            [USER_PROPS] => N
                                            [IS_LOCATION] => N
                                            [PROPS_GROUP_ID] => 9
                                            [DESCRIPTION] => В свойство записывается id тарифа СДЭК, что был выбран при оформлении заказа.
                                            [IS_EMAIL] => N
                                            [IS_PROFILE_NAME] => N
                                            [IS_PAYER] => N
                                            [IS_LOCATION4TAX] => N
                                            [IS_FILTERED] => Y
                                            [CODE] => IPOLSDEK_CNTDTARIF
                                            [IS_ZIP] => N
                                            [IS_PHONE] => N
                                            [IS_ADDRESS] => N
                                            [IS_ADDRESS_FROM] => N
                                            [IS_ADDRESS_TO] => N
                                            [ACTIVE] => Y
                                            [UTIL] => Y
                                            [INPUT_FIELD_LOCATION] => 0
                                            [MULTIPLE] => N
                                            [ENTITY_TYPE] => ORDER
                                            [SIZE] => 10
                                            [RELATION] => Array
                                                (
                                                )

                                        )

                                )

                        )

                    [8] => Bitrix\Crm\Order\PropertyValue Object
                        (
                            [fields:protected] => Bitrix\Sale\Internals\Fields Object
                                (
                                    [values:protected] => Array
                                        (
                                            [ID] => 160231
                                            [NAME] => Терминал
                                            [VALUE] => 6
                                            [CODE] => TERMINAL_ID
                                            [ORDER_PROPS_ID] => 132
                                        )

                                    [changedValues:protected] => Array
                                        (
                                        )

                                    [originalValues:Bitrix\Sale\Internals\Fields:private] => Array
                                        (
                                        )

                                    [customFields:Bitrix\Sale\Internals\Fields:private] => Array
                                        (
                                        )

                                    [isClone:protected] => 
                                )

                            [eventName:protected] => 
                            [collection:protected] => Bitrix\Crm\Order\PropertyValueCollection Object
 *RECURSION*
                            [internalIndex:protected] => 8
                            [isClone:protected] => 
                            [property:protected] => Bitrix\Crm\Order\Property Object
                                (
                                    [fields:protected] => Array
                                        (
                                            [ID] => 132
                                            [PERSON_TYPE_ID] => 5
                                            [NAME] => Терминал
                                            [TYPE] => NUMBER
                                            [REQUIRED] => N
                                            [DEFAULT_VALUE] => 
                                            [SORT] => 100
                                            [USER_PROPS] => Y
                                            [IS_LOCATION] => N
                                            [PROPS_GROUP_ID] => 11
                                            [DESCRIPTION] => 
                                            [IS_EMAIL] => N
                                            [IS_PROFILE_NAME] => N
                                            [IS_PAYER] => N
                                            [IS_LOCATION4TAX] => N
                                            [IS_FILTERED] => N
                                            [CODE] => TERMINAL_ID
                                            [IS_ZIP] => N
                                            [IS_PHONE] => N
                                            [IS_ADDRESS] => N
                                            [IS_ADDRESS_FROM] => N
                                            [IS_ADDRESS_TO] => N
                                            [ACTIVE] => Y
                                            [UTIL] => N
                                            [INPUT_FIELD_LOCATION] => 0
                                            [MULTIPLE] => N
                                            [ENTITY_TYPE] => ORDER
                                            [MIN] => 
                                            [MAX] => 
                                            [STEP] => 
                                            [RELATION] => Array
                                                (
                                                    [0] => Array
                                                        (
                                                            [PROPERTY_ID] => 132
                                                            [ENTITY_ID] => 60
                                                            [ENTITY_TYPE] => D
                                                        )

                                                    [1] => Array
                                                        (
                                                            [PROPERTY_ID] => 132
                                                            [ENTITY_ID] => 99
                                                            [ENTITY_TYPE] => D
                                                        )

                                                )

                                        )

                                )

                        )

                    [9] => Bitrix\Crm\Order\PropertyValue Object
                        (
                            [fields:protected] => Bitrix\Sale\Internals\Fields Object
                                (
                                    [values:protected] => Array
                                        (
                                            [ID] => 160227
                                            [NAME] => Id заказа в Dostavista
                                            [VALUE] => 
                                            [CODE] => DOSTAVISTA_ORDER_ID
                                            [ORDER_PROPS_ID] => 175
                                        )

                                    [changedValues:protected] => Array
                                        (
                                        )

                                    [originalValues:Bitrix\Sale\Internals\Fields:private] => Array
                                        (
                                        )

                                    [customFields:Bitrix\Sale\Internals\Fields:private] => Array
                                        (
                                        )

                                    [isClone:protected] => 
                                )

                            [eventName:protected] => 
                            [collection:protected] => Bitrix\Crm\Order\PropertyValueCollection Object
 *RECURSION*
                            [internalIndex:protected] => 9
                            [isClone:protected] => 
                            [property:protected] => Bitrix\Crm\Order\Property Object
                                (
                                    [fields:protected] => Array
                                        (
                                            [ID] => 175
                                            [PERSON_TYPE_ID] => 5
                                            [NAME] => Id заказа в Dostavista
                                            [TYPE] => STRING
                                            [REQUIRED] => N
                                            [DEFAULT_VALUE] => 
                                            [SORT] => 1300
                                            [USER_PROPS] => N
                                            [IS_LOCATION] => N
                                            [PROPS_GROUP_ID] => 1
                                            [DESCRIPTION] => Id заказа в Dostavista
                                            [IS_EMAIL] => N
                                            [IS_PROFILE_NAME] => N
                                            [IS_PAYER] => N
                                            [IS_LOCATION4TAX] => N
                                            [IS_FILTERED] => Y
                                            [CODE] => DOSTAVISTA_ORDER_ID
                                            [IS_ZIP] => N
                                            [IS_PHONE] => N
                                            [IS_ADDRESS] => N
                                            [IS_ADDRESS_FROM] => N
                                            [IS_ADDRESS_TO] => N
                                            [ACTIVE] => Y
                                            [UTIL] => Y
                                            [INPUT_FIELD_LOCATION] => 0
                                            [MULTIPLE] => N
                                            [ENTITY_TYPE] => ORDER
                                            [RELATION] => Array
                                                (
                                                )

                                        )

                                )

                        )

                    [10] => Bitrix\Crm\Order\PropertyValue Object
                        (
                            [fields:protected] => Bitrix\Sale\Internals\Fields Object
                                (
                                    [values:protected] => Array
                                        (
                                            [ID] => 160228
                                            [NAME] => Данные курьера заказа Dostavista
                                            [VALUE] => 
                                            [CODE] => DOSTAVISTA_COURIER
                                            [ORDER_PROPS_ID] => 176
                                        )

                                    [changedValues:protected] => Array
                                        (
                                        )

                                    [originalValues:Bitrix\Sale\Internals\Fields:private] => Array
                                        (
                                        )

                                    [customFields:Bitrix\Sale\Internals\Fields:private] => Array
                                        (
                                        )

                                    [isClone:protected] => 
                                )

                            [eventName:protected] => 
                            [collection:protected] => Bitrix\Crm\Order\PropertyValueCollection Object
 *RECURSION*
                            [internalIndex:protected] => 10
                            [isClone:protected] => 
                            [property:protected] => Bitrix\Crm\Order\Property Object
                                (
                                    [fields:protected] => Array
                                        (
                                            [ID] => 176
                                            [PERSON_TYPE_ID] => 5
                                            [NAME] => Данные курьера заказа Dostavista
                                            [TYPE] => STRING
                                            [REQUIRED] => N
                                            [DEFAULT_VALUE] => 
                                            [SORT] => 1400
                                            [USER_PROPS] => N
                                            [IS_LOCATION] => N
                                            [PROPS_GROUP_ID] => 1
                                            [DESCRIPTION] => Данные курьера заказа Dostavista
                                            [IS_EMAIL] => N
                                            [IS_PROFILE_NAME] => N
                                            [IS_PAYER] => N
                                            [IS_LOCATION4TAX] => N
                                            [IS_FILTERED] => Y
                                            [CODE] => DOSTAVISTA_COURIER
                                            [IS_ZIP] => N
                                            [IS_PHONE] => N
                                            [IS_ADDRESS] => N
                                            [IS_ADDRESS_FROM] => N
                                            [IS_ADDRESS_TO] => N
                                            [ACTIVE] => Y
                                            [UTIL] => Y
                                            [INPUT_FIELD_LOCATION] => 0
                                            [MULTIPLE] => N
                                            [ENTITY_TYPE] => ORDER
                                            [RELATION] => Array
                                                (
                                                )

                                        )

                                )

                        )

                )

            [index:Bitrix\Sale\Internals\EntityCollection:private] => 10
            [isClone:protected] => 
            [anyItemDeleted:protected] => 
            [anyItemAdded:protected] => 
            [order:protected] => Bitrix\Crm\Order\Order Object
 *RECURSION*
        )

    [discount:protected] => Bitrix\Crm\Order\Discount Object
        (
            [isClone:protected] => 
            [orderRefresh:protected] => 
            [newOrder:protected] => 
            [useMode:protected] => 2
            [context:protected] => Bitrix\Sale\Discount\Context\User Object
                (
                    [userId:protected] => 11339
                    [userGroups:protected] => Array
                        (
                            [0] => 2
                            [1] => 3
                            [2] => 4
                            [3] => 23
                        )

                    [userGroupsHash:protected] => c5cc41d231bb72184a591df7084568a6
                )

            [order:protected] => Bitrix\Crm\Order\Order Object
 *RECURSION*
            [executeModuleFilter:protected] => Array
                (
                    [0] => all
                    [1] => sale
                    [2] => catalog
                )

            [loadedModules:protected] => Array
                (
                )

            [discountIds:protected] => 
            [saleDiscountCache:protected] => Array
                (
                )

            [saleDiscountCacheKey:protected] => 
            [basket:protected] => 
            [orderData:protected] => Array
                (
                    [ID] => 10976
                    [USER_ID] => 11339
                    [USER_GROUPS] => Array
                        (
                            [0] => 2
                            [1] => 3
                            [2] => 4
                            [3] => 23
                        )

                    [SITE_ID] => st
                    [LID] => st
                    [ORDER_PRICE] => 12553
                    [ORDER_WEIGHT] => 1000
                    [CURRENCY] => RUB
                    [PERSON_TYPE_ID] => 5
                    [RECURRING_ID] => 
                    [BASKET_ITEMS] => Array
                        (
                            [55905] => Array
                                (
                                    [ID] => 55905
                                    [LID] => st
                                    [MODULE] => catalog
                                    [PRODUCT_ID] => 303766
                                    [QUANTITY] => 1.0000
                                    [WEIGHT] => 1000.00
                                    [DELAY] => N
                                    [CAN_BUY] => Y
                                    [PRICE] => 10900
                                    [CUSTOM_PRICE] => N
                                    [BASE_PRICE] => 10900
                                    [PRODUCT_PRICE_ID] => 1983
                                    [PRICE_TYPE_ID] => 4
                                    [CURRENCY] => RUB
                                    [BARCODE_MULTI] => N
                                    [RESERVED] => N
                                    [RESERVE_QUANTITY] => 
                                    [NAME] => HARZ Labs Industrial ABS V2 (1 кг)
                                    [CATALOG_XML_ID] => offerstest2
                                    [VAT_RATE] => 0.2
                                    [NOTES] => Россия, ₽
                                    [DISCOUNT_PRICE] => 0
                                    [PRODUCT_PROVIDER_CLASS] => \Bitrix\Catalog\Product\CatalogProvider
                                    [CALLBACK_FUNC] => 
                                    [ORDER_CALLBACK_FUNC] => 
                                    [PAY_CALLBACK_FUNC] => 
                                    [CANCEL_CALLBACK_FUNC] => 
                                    [DIMENSIONS] => a:3:{s:5:"WIDTH";s:3:"100";s:6:"HEIGHT";s:3:"250";s:6:"LENGTH";s:3:"100";}
                                    [TYPE] => 
                                    [SET_PARENT_ID] => 
                                    [DETAIL_PAGE_URL] => /products/materialy/industrial-abs-v2.html
                                    [FUSER_ID] => 768982
                                    [MEASURE_CODE] => 796
                                    [MEASURE_NAME] => шт
                                    [ORDER_ID] => 10976
                                    [PRODUCT_XML_ID] => 303765#303766
                                    [SUBSCRIBE] => N
                                    [RECOMMENDATION] => 
                                    [VAT_INCLUDED] => Y
                                    [SORT] => 100
                                    [DISCOUNT_NAME] => 
                                    [DISCOUNT_VALUE] => 
                                    [DISCOUNT_COUPON] => 
                                    [XML_ID] => bx_6931b57902681
                                    [MARKING_CODE_GROUP] => 
                                    [PROPERTIES] => Array
                                        (
                                            [COLOR] => Array
                                                (
                                                    [CODE] => COLOR
                                                    [VALUE] => Dark Grey
                                                    [NAME] => Color
                                                    [SORT] => 1
                                                    [ID] => 178890
                                                )

                                            [VOLUME] => Array
                                                (
                                                    [CODE] => VOLUME
                                                    [VALUE] => 1 кг
                                                    [NAME] => Volume
                                                    [SORT] => 2
                                                    [ID] => 178891
                                                )

                                            [CATALOG.XML_ID] => Array
                                                (
                                                    [CODE] => CATALOG.XML_ID
                                                    [VALUE] => offerstest2
                                                    [NAME] => Catalog XML_ID
                                                    [SORT] => 100
                                                    [ID] => 178892
                                                )

                                            [PRODUCT.XML_ID] => Array
                                                (
                                                    [CODE] => PRODUCT.XML_ID
                                                    [VALUE] => 303765#303766
                                                    [NAME] => Product XML_ID
                                                    [SORT] => 100
                                                    [ID] => 178893
                                                )

                                        )

                                    [ACTION_APPLIED] => N
                                )

                        )

                    [ORDER_PROP] => Array
                        (
                            [49] => 0000426112
                            [103] => 
                            [144] => 
                            [150] => Тест
                            [151] => Тест
                            [41] => test2@test2.ru
                            [43] => 79044247522
                            [90] => 137
                            [132] => 6
                            [175] => 
                            [176] => 
                        )

                    [DELIVERY_LOCATION] => 0000426112
                    [USER_EMAIL] => test2@test2.ru
                    [PAYER_NAME] => 
                    [PROFILE_NAME] => test2@test2.ru
                    [DELIVERY_LOCATION_ZIP] => 
                    [BASE_PRICE_DELIVERY] => 1653
                    [PRICE_DELIVERY] => 1653
                    [PRICE_DELIVERY_DIFF] => 0
                    [DELIVERY_ID] => 99
                    [CUSTOM_PRICE_DELIVERY] => N
                    [SHIPMENT_CODE] => 21923
                    [SHIPMENT_ID] => 21923
                    [PAY_SYSTEM_ID] => 19
                    [USE_BASE_PRICE] => N
                )

            [valid:protected] => 1
            [saleOptions:protected] => Array
                (
                    [USE_BASE_PRICE] => N
                    [SALE_DISCOUNT_ONLY] => Y
                    [APPLY_MODE] => 0
                )

            [basketDiscountList:protected] => Array
                (
                )

            [basketItemsData:protected] => Array
                (
                    [55905] => Array
                        (
                            [BASE_PRICE_ROUND_RULE] => Array
                                (
                                )

                        )

                )

            [discountsCache:protected] => Array
                (
                )

            [couponsCache:protected] => Array
                (
                )

            [discountResult:protected] => Array
                (
                    [APPLY_BLOCKS] => Array
                        (
                        )

                    [DISCOUNT_LIST] => Array
                        (
                        )

                    [COUPON_LIST] => Array
                        (
                        )

                    [DELIVERY_LIST] => Array
                        (
                        )

                    [SHIPMENT_LIST] => Array
                        (
                        )

                )

            [discountResultCounter:protected] => 0
            [applyResult:protected] => Array
                (
                )

            [discountStoredActionData:protected] => Array
                (
                )

            [entityList:protected] => Array
                (
                )

            [entityResultCache:protected] => Array
                (
                )

            [currentStep:protected] => Array
                (
                )

            [forwardBasketTable:protected] => Array
                (
                    [55905] => 55905
                )

            [reverseBasketTable:protected] => Array
                (
                    [55905] => 55905
                )

            [roundApplyMode:protected] => 4
            [roundApplyConfig:protected] => Array
                (
                )

            [fullDiscountList:protected] => Array
                (
                )

            [shipment:protected] => Bitrix\Crm\Order\Shipment Object
                (
                    [fields:protected] => Bitrix\Sale\Internals\Fields Object
                        (
                            [values:protected] => Array
                                (
                                    [ID] => 21923
                                    [ORDER_ID] => 10976
                                    [ACCOUNT_NUMBER] => HL-19425/2
                                    [DATE_INSERT] => Bitrix\Main\Type\DateTime Object
                                        (
                                            [value:protected] => DateTime Object
                                                (
                                                    [date] => 2025-12-04 19:25:40.000000
                                                    [timezone_type] => 3
                                                    [timezone] => Europe/Moscow
                                                )

                                            [userTimeEnabled:protected] => 1
                                        )

                                    [DATE_UPDATE] => Bitrix\Main\Type\DateTime Object
                                        (
                                            [value:protected] => DateTime Object
                                                (
                                                    [date] => 2025-12-04 19:25:41.000000
                                                    [timezone_type] => 3
                                                    [timezone] => Europe/Moscow
                                                )

                                            [userTimeEnabled:protected] => 1
                                        )

                                    [STATUS_ID] => DN
                                    [DELIVERY_LOCATION] => 
                                    [BASE_PRICE_DELIVERY] => 1653
                                    [PRICE_DELIVERY] => 1653
                                    [WEIGHT] => 1000.0000
                                    [CUSTOM_PRICE_DELIVERY] => N
                                    [CURRENCY] => RUB
                                    [DISCOUNT_PRICE] => 0
                                    [ALLOW_DELIVERY] => N
                                    [DATE_ALLOW_DELIVERY] => 
                                    [EMP_ALLOW_DELIVERY_ID] => 
                                    [DEDUCTED] => N
                                    [DATE_DEDUCTED] => 
                                    [EMP_DEDUCTED_ID] => 
                                    [REASON_UNDO_DEDUCTED] => 
                                    [RESERVED] => N
                                    [DELIVERY_ID] => 99
                                    [DELIVERY_DOC_NUM] => 
                                    [DELIVERY_DOC_DATE] => 
                                    [TRACKING_NUMBER] => 
                                    [TRACKING_STATUS] => 
                                    [TRACKING_DESCRIPTION] => 
                                    [TRACKING_LAST_CHECK] => 
                                    [TRACKING_LAST_CHANGE] => 
                                    [XML_ID] => bx_6931b604d52a1
                                    [PARAMS] => 
                                    [DELIVERY_NAME] => Деловые линии (Доставка до терминала)
                                    [CANCELED] => N
                                    [DATE_CANCELED] => 
                                    [EMP_CANCELED_ID] => 
                                    [REASON_CANCELED] => 
                                    [MARKED] => N
                                    [DATE_MARKED] => 
                                    [EMP_MARKED_ID] => 
                                    [REASON_MARKED] => 
                                    [SYSTEM] => N
                                    [RESPONSIBLE_ID] => 
                                    [EMP_RESPONSIBLE_ID] => 
                                    [DATE_RESPONSIBLE_ID] => 
                                    [COMMENTS] => 
                                    [COMPANY_ID] => 1
                                    [UPDATED_1C] => N
                                    [ID_1C] => 
                                    [VERSION_1C] => 
                                    [EXTERNAL_DELIVERY] => N
                                    [IS_REALIZATION] => 
                                )

                            [changedValues:protected] => Array
                                (
                                )

                            [originalValues:Bitrix\Sale\Internals\Fields:private] => Array
                                (
                                )

                            [customFields:Bitrix\Sale\Internals\Fields:private] => Array
                                (
                                )

                            [isClone:protected] => 
                        )

                    [eventName:protected] => 
                    [collection:protected] => Bitrix\Crm\Order\ShipmentCollection Object
                        (
                            [collection:protected] => Array
                                (
                                    [0] => Bitrix\Crm\Order\Shipment Object
 *RECURSION*
                                    [1] => Bitrix\Crm\Order\Shipment Object
                                        (
                                            [fields:protected] => Bitrix\Sale\Internals\Fields Object
                                                (
                                                    [values:protected] => Array
                                                        (
                                                            [ID] => 21922
                                                            [ORDER_ID] => 10976
                                                            [ACCOUNT_NUMBER] => HL-19425/1
                                                            [DATE_INSERT] => Bitrix\Main\Type\DateTime Object
                                                                (
                                                                    [value:protected] => DateTime Object
                                                                        (
                                                                            [date] => 2025-12-04 19:25:40.000000
                                                                            [timezone_type] => 3
                                                                            [timezone] => Europe/Moscow
                                                                        )

                                                                    [userTimeEnabled:protected] => 1
                                                                )

                                                            [DATE_UPDATE] => 
                                                            [STATUS_ID] => DN
                                                            [DELIVERY_LOCATION] => 
                                                            [BASE_PRICE_DELIVERY] => 0
                                                            [PRICE_DELIVERY] => 0
                                                            [WEIGHT] => 0.0000
                                                            [CUSTOM_PRICE_DELIVERY] => N
                                                            [CURRENCY] => RUB
                                                            [DISCOUNT_PRICE] => 0
                                                            [ALLOW_DELIVERY] => N
                                                            [DATE_ALLOW_DELIVERY] => 
                                                            [EMP_ALLOW_DELIVERY_ID] => 
                                                            [DEDUCTED] => N
                                                            [DATE_DEDUCTED] => 
                                                            [EMP_DEDUCTED_ID] => 
                                                            [REASON_UNDO_DEDUCTED] => 
                                                            [RESERVED] => N
                                                            [DELIVERY_ID] => 99
                                                            [DELIVERY_DOC_NUM] => 
                                                            [DELIVERY_DOC_DATE] => 
                                                            [TRACKING_NUMBER] => 
                                                            [TRACKING_STATUS] => 
                                                            [TRACKING_DESCRIPTION] => 
                                                            [TRACKING_LAST_CHECK] => 
                                                            [TRACKING_LAST_CHANGE] => 
                                                            [XML_ID] => bx_6931b604d378d
                                                            [PARAMS] => 
                                                            [DELIVERY_NAME] => Деловые линии (Доставка до терминала)
                                                            [CANCELED] => N
                                                            [DATE_CANCELED] => 
                                                            [EMP_CANCELED_ID] => 
                                                            [REASON_CANCELED] => 
                                                            [MARKED] => N
                                                            [DATE_MARKED] => 
                                                            [EMP_MARKED_ID] => 
                                                            [REASON_MARKED] => 
                                                            [SYSTEM] => Y
                                                            [RESPONSIBLE_ID] => 
                                                            [EMP_RESPONSIBLE_ID] => 
                                                            [DATE_RESPONSIBLE_ID] => 
                                                            [COMMENTS] => 
                                                            [COMPANY_ID] => 
                                                            [UPDATED_1C] => N
                                                            [ID_1C] => 
                                                            [VERSION_1C] => 
                                                            [EXTERNAL_DELIVERY] => N
                                                            [IS_REALIZATION] => 
                                                        )

                                                    [changedValues:protected] => Array
                                                        (
                                                        )

                                                    [originalValues:Bitrix\Sale\Internals\Fields:private] => Array
                                                        (
                                                        )

                                                    [customFields:Bitrix\Sale\Internals\Fields:private] => Array
                                                        (
                                                        )

                                                    [isClone:protected] => 
                                                )

                                            [eventName:protected] => 
                                            [collection:protected] => Bitrix\Crm\Order\ShipmentCollection Object
 *RECURSION*
                                            [internalIndex:protected] => 1
                                            [isClone:protected] => 
                                            [shipmentItemCollection:protected] => 
                                            [service:protected] => Sale\Handlers\Delivery\DellinHandler Object
                                                (
                                                    [handlerCode:protected] => UNDEFINED
                                                    [id:protected] => 99
                                                    [name:protected] => Деловые линии (Доставка до терминала)
                                                    [code:protected] => 
                                                    [vatId:protected] => 0
                                                    [sort:protected] => 100
                                                    [logotip:protected] => 0
                                                    [parentId:protected] => 0
                                                    [currency:protected] => RUB
                                                    [active:protected] => 1
                                                    [description:protected] => Автоматизированый метод доставки ГК "Деловые линии".
                                                    [config:protected] => Array
                                                        (
                                                            [MAIN] => Array
                                                                (
                                                                    [APIKEY] => D88FBA73-11D8-4791-98DB-4B6799D90D57
                                                                    [LOGIN] => warehouse@harzlabs.ru
                                                                    [PASSWORD] => HARZLabs2022
                                                                )

                                                            [DEBUG] => Array
                                                                (
                                                                    [DEBUG_MODE] => Y
                                                                )

                                                            [PACKAGES] => Array
                                                                (
                                                                    [crate] => N
                                                                    [cratePlus] => N
                                                                    [box] => N
                                                                    [type] => N
                                                                    [crateWithBubble] => N
                                                                    [carGlass] => N
                                                                    [carParts] => N
                                                                    [palletWithBubble] => N
                                                                    [bag] => N
                                                                    [bubble] => N
                                                                    [pallet] => N
                                                                )

                                                            [DERIVAL] => Array
                                                                (
                                                                    [CITY_NAME] => Мытищи
                                                                    [CITY_KLADR] => 5000004400000000000000000
                                                                    [GOODSLOADING] => 1
                                                                    [ADDRESS] => Россия, Московская обл., г. Мытищи, ул. Силикатная, д. 51А, стр. 6
                                                                    [TERMINAL_ID] => 0
                                                                    [WORKTIMESTART] => 10:00
                                                                    [BREAKSTART] => 12:00
                                                                    [BREAKEND] => 13:00
                                                                    [WORKTIMEEND] => 18:00
                                                                    [LOADING_TYPE] => BACK
                                                                    [REQUIREMENTSTRANSPORT] => 
                                                                )

                                                            [CARGO] => Array
                                                                (
                                                                    [DAYDELAY] => 
                                                                    [LOADING_GROUPING_OF_GOODS] => ONE_CARGO_SPACE
                                                                    [DEFAULT_PARAMS] => 0
                                                                )

                                                            [YURI] => Array
                                                                (
                                                                    [COUNTERAGENT] => 0
                                                                    [OPF_COUNTRY] => 0x8f51001438c4d49511dbd774581edb7a
                                                                    [OPF] => 0
                                                                    [ADDRESS] => 123298, г. МОСКВА, ВН.ТЕР.Г.МУНИЦИПАЛЬНЫЙ ОКРУГ ХОРОШЕВО-МНЕВНИКИ, УЛ 3-Я ХОРОШЁВСКАЯ, ДОМ 13 КОРПУС 1, ПОМЕЩ. 4.4.
                                                                    [NAME] => ООО "ХАРЦ ЛАБС"
                                                                    [INN] => 7751087784
                                                                )

                                                            [PERSON] => Array
                                                                (
                                                                    [NAME] => Адамов Андрей Владимирович
                                                                    [PHONE] => 78005559344
                                                                    [EMAIL] => info@harzlabs.ru
                                                                )

                                                            [ARRIVAL] => Array
                                                                (
                                                                    [GOODSLOADING] => 0
                                                                    [IS_SMALL_GOODS] => 0
                                                                    [IS_INSURANCE_GOODS_WITH_DECLARE_PRICE] => 0
                                                                    [UNLOADING_TYPE] => NULL
                                                                    [UNLOADING_TRANSPORT_REQUIREMENTS] => NULL
                                                                    [UNLOADING_ADDITIONAL_EQUIPMENT] => NULL
                                                                )

                                                            [PRODUCT] => Array
                                                                (
                                                                    [LENGTH] => 
                                                                    [WIDTH] => 
                                                                    [HEIGHT] => 
                                                                    [WEIGHT] => 
                                                                )

                                                            [WIDGET] => Array
                                                                (
                                                                    [VIEW_TYPE] => 2
                                                                )

                                                        )

                                                    [restricted:protected] => 
                                                    [trackingClass:protected] => \Sale\Handlers\Delivery\DellinTracking
                                                    [deliveryRequestHandler:protected] => 
                                                    [extraServices:protected] => Bitrix\Sale\Delivery\ExtraServices\Manager Object
                                                        (
                                                            [items:protected] => Array
                                                                (
                                                                )

                                                            [isClone:protected] => 
                                                        )

                                                    [trackingParams:protected] => Array
                                                        (
                                                        )

                                                    [allowEditShipment:protected] => Y
                                                    [isClone:protected] => 
                                                )

                                            [extraServices:protected] => 
                                            [areExtraServicesChanged:protected] => 
                                            [storeId:protected] => 
                                            [isStoreIdChanged:protected] => 
                                            [internalId:protected] => 0
                                            [propertyCollection:protected] => 
                                            [isNew:protected] => 1
                                        )

                                )

                            [index:Bitrix\Sale\Internals\EntityCollection:private] => 1
                            [isClone:protected] => 
                            [anyItemDeleted:protected] => 
                            [anyItemAdded:protected] => 
                            [order:protected] => Bitrix\Crm\Order\Order Object
 *RECURSION*
                        )

                    [internalIndex:protected] => 0
                    [isClone:protected] => 
                    [shipmentItemCollection:protected] => 
                    [service:protected] => Sale\Handlers\Delivery\DellinHandler Object
                        (
                            [handlerCode:protected] => UNDEFINED
                            [id:protected] => 99
                            [name:protected] => Деловые линии (Доставка до терминала)
                            [code:protected] => 
                            [vatId:protected] => 0
                            [sort:protected] => 100
                            [logotip:protected] => 0
                            [parentId:protected] => 0
                            [currency:protected] => RUB
                            [active:protected] => 1
                            [description:protected] => Автоматизированый метод доставки ГК "Деловые линии".
                            [config:protected] => Array
                                (
                                    [MAIN] => Array
                                        (
                                            [APIKEY] => D88FBA73-11D8-4791-98DB-4B6799D90D57
                                            [LOGIN] => warehouse@harzlabs.ru
                                            [PASSWORD] => HARZLabs2022
                                        )

                                    [DEBUG] => Array
                                        (
                                            [DEBUG_MODE] => Y
                                        )

                                    [PACKAGES] => Array
                                        (
                                            [crate] => N
                                            [cratePlus] => N
                                            [box] => N
                                            [type] => N
                                            [crateWithBubble] => N
                                            [carGlass] => N
                                            [carParts] => N
                                            [palletWithBubble] => N
                                            [bag] => N
                                            [bubble] => N
                                            [pallet] => N
                                        )

                                    [DERIVAL] => Array
                                        (
                                            [CITY_NAME] => Мытищи
                                            [CITY_KLADR] => 5000004400000000000000000
                                            [GOODSLOADING] => 1
                                            [ADDRESS] => Россия, Московская обл., г. Мытищи, ул. Силикатная, д. 51А, стр. 6
                                            [TERMINAL_ID] => 0
                                            [WORKTIMESTART] => 10:00
                                            [BREAKSTART] => 12:00
                                            [BREAKEND] => 13:00
                                            [WORKTIMEEND] => 18:00
                                            [LOADING_TYPE] => BACK
                                            [REQUIREMENTSTRANSPORT] => 
                                        )

                                    [CARGO] => Array
                                        (
                                            [DAYDELAY] => 
                                            [LOADING_GROUPING_OF_GOODS] => ONE_CARGO_SPACE
                                            [DEFAULT_PARAMS] => 0
                                        )

                                    [YURI] => Array
                                        (
                                            [COUNTERAGENT] => 0
                                            [OPF_COUNTRY] => 0x8f51001438c4d49511dbd774581edb7a
                                            [OPF] => 0
                                            [ADDRESS] => 123298, г. МОСКВА, ВН.ТЕР.Г.МУНИЦИПАЛЬНЫЙ ОКРУГ ХОРОШЕВО-МНЕВНИКИ, УЛ 3-Я ХОРОШЁВСКАЯ, ДОМ 13 КОРПУС 1, ПОМЕЩ. 4.4.
                                            [NAME] => ООО "ХАРЦ ЛАБС"
                                            [INN] => 7751087784
                                        )

                                    [PERSON] => Array
                                        (
                                            [NAME] => Адамов Андрей Владимирович
                                            [PHONE] => 78005559344
                                            [EMAIL] => info@harzlabs.ru
                                        )

                                    [ARRIVAL] => Array
                                        (
                                            [GOODSLOADING] => 0
                                            [IS_SMALL_GOODS] => 0
                                            [IS_INSURANCE_GOODS_WITH_DECLARE_PRICE] => 0
                                            [UNLOADING_TYPE] => NULL
                                            [UNLOADING_TRANSPORT_REQUIREMENTS] => NULL
                                            [UNLOADING_ADDITIONAL_EQUIPMENT] => NULL
                                        )

                                    [PRODUCT] => Array
                                        (
                                            [LENGTH] => 
                                            [WIDTH] => 
                                            [HEIGHT] => 
                                            [WEIGHT] => 
                                        )

                                    [WIDGET] => Array
                                        (
                                            [VIEW_TYPE] => 2
                                        )

                                )

                            [restricted:protected] => 
                            [trackingClass:protected] => \Sale\Handlers\Delivery\DellinTracking
                            [deliveryRequestHandler:protected] => 
                            [extraServices:protected] => Bitrix\Sale\Delivery\ExtraServices\Manager Object
                                (
                                    [items:protected] => Array
                                        (
                                        )

                                    [isClone:protected] => 
                                )

                            [trackingParams:protected] => Array
                                (
                                )

                            [allowEditShipment:protected] => Y
                            [isClone:protected] => 
                        )

                    [extraServices:protected] => 
                    [areExtraServicesChanged:protected] => 
                    [storeId:protected] => 
                    [isStoreIdChanged:protected] => 
                    [internalId:protected] => 21923
                    [propertyCollection:protected] => 
                    [isNew:protected] => 1
                )

            [shipmentIds:protected] => Array
                (
                    [0] => 21923
                )

            [enableCheckingPrediction:protected] => 
        )

    [tax:protected] => 
    [internalId:protected] => 1
    [isNew:protected] => 
    [isSaveExecuting:protected] => 1
    [isClone:protected] => 
    [isOnlyMathAction:protected] => 
    [isMeaningfulField:protected] => 
    [isStartField:protected] => 
    [calculateType:protected] => C
    [shipmentCollection:protected] => Bitrix\Crm\Order\ShipmentCollection Object
        (
            [collection:protected] => Array
                (
                    [0] => Bitrix\Crm\Order\Shipment Object
                        (
                            [fields:protected] => Bitrix\Sale\Internals\Fields Object
                                (
                                    [values:protected] => Array
                                        (
                                            [ID] => 21923
                                            [ORDER_ID] => 10976
                                            [ACCOUNT_NUMBER] => HL-19425/2
                                            [DATE_INSERT] => Bitrix\Main\Type\DateTime Object
                                                (
                                                    [value:protected] => DateTime Object
                                                        (
                                                            [date] => 2025-12-04 19:25:40.000000
                                                            [timezone_type] => 3
                                                            [timezone] => Europe/Moscow
                                                        )

                                                    [userTimeEnabled:protected] => 1
                                                )

                                            [DATE_UPDATE] => Bitrix\Main\Type\DateTime Object
                                                (
                                                    [value:protected] => DateTime Object
                                                        (
                                                            [date] => 2025-12-04 19:25:41.000000
                                                            [timezone_type] => 3
                                                            [timezone] => Europe/Moscow
                                                        )

                                                    [userTimeEnabled:protected] => 1
                                                )

                                            [STATUS_ID] => DN
                                            [DELIVERY_LOCATION] => 
                                            [BASE_PRICE_DELIVERY] => 1653
                                            [PRICE_DELIVERY] => 1653
                                            [WEIGHT] => 1000.0000
                                            [CUSTOM_PRICE_DELIVERY] => N
                                            [CURRENCY] => RUB
                                            [DISCOUNT_PRICE] => 0
                                            [ALLOW_DELIVERY] => N
                                            [DATE_ALLOW_DELIVERY] => 
                                            [EMP_ALLOW_DELIVERY_ID] => 
                                            [DEDUCTED] => N
                                            [DATE_DEDUCTED] => 
                                            [EMP_DEDUCTED_ID] => 
                                            [REASON_UNDO_DEDUCTED] => 
                                            [RESERVED] => N
                                            [DELIVERY_ID] => 99
                                            [DELIVERY_DOC_NUM] => 
                                            [DELIVERY_DOC_DATE] => 
                                            [TRACKING_NUMBER] => 
                                            [TRACKING_STATUS] => 
                                            [TRACKING_DESCRIPTION] => 
                                            [TRACKING_LAST_CHECK] => 
                                            [TRACKING_LAST_CHANGE] => 
                                            [XML_ID] => bx_6931b604d52a1
                                            [PARAMS] => 
                                            [DELIVERY_NAME] => Деловые линии (Доставка до терминала)
                                            [CANCELED] => N
                                            [DATE_CANCELED] => 
                                            [EMP_CANCELED_ID] => 
                                            [REASON_CANCELED] => 
                                            [MARKED] => N
                                            [DATE_MARKED] => 
                                            [EMP_MARKED_ID] => 
                                            [REASON_MARKED] => 
                                            [SYSTEM] => N
                                            [RESPONSIBLE_ID] => 
                                            [EMP_RESPONSIBLE_ID] => 
                                            [DATE_RESPONSIBLE_ID] => 
                                            [COMMENTS] => 
                                            [COMPANY_ID] => 1
                                            [UPDATED_1C] => N
                                            [ID_1C] => 
                                            [VERSION_1C] => 
                                            [EXTERNAL_DELIVERY] => N
                                            [IS_REALIZATION] => 
                                        )

                                    [changedValues:protected] => Array
                                        (
                                        )

                                    [originalValues:Bitrix\Sale\Internals\Fields:private] => Array
                                        (
                                        )

                                    [customFields:Bitrix\Sale\Internals\Fields:private] => Array
                                        (
                                        )

                                    [isClone:protected] => 
                                )

                            [eventName:protected] => 
                            [collection:protected] => Bitrix\Crm\Order\ShipmentCollection Object
 *RECURSION*
                            [internalIndex:protected] => 0
                            [isClone:protected] => 
                            [shipmentItemCollection:protected] => 
                            [service:protected] => Sale\Handlers\Delivery\DellinHandler Object
                                (
                                    [handlerCode:protected] => UNDEFINED
                                    [id:protected] => 99
                                    [name:protected] => Деловые линии (Доставка до терминала)
                                    [code:protected] => 
                                    [vatId:protected] => 0
                                    [sort:protected] => 100
                                    [logotip:protected] => 0
                                    [parentId:protected] => 0
                                    [currency:protected] => RUB
                                    [active:protected] => 1
                                    [description:protected] => Автоматизированый метод доставки ГК "Деловые линии".
                                    [config:protected] => Array
                                        (
                                            [MAIN] => Array
                                                (
                                                    [APIKEY] => D88FBA73-11D8-4791-98DB-4B6799D90D57
                                                    [LOGIN] => warehouse@harzlabs.ru
                                                    [PASSWORD] => HARZLabs2022
                                                )

                                            [DEBUG] => Array
                                                (
                                                    [DEBUG_MODE] => Y
                                                )

                                            [PACKAGES] => Array
                                                (
                                                    [crate] => N
                                                    [cratePlus] => N
                                                    [box] => N
                                                    [type] => N
                                                    [crateWithBubble] => N
                                                    [carGlass] => N
                                                    [carParts] => N
                                                    [palletWithBubble] => N
                                                    [bag] => N
                                                    [bubble] => N
                                                    [pallet] => N
                                                )

                                            [DERIVAL] => Array
                                                (
                                                    [CITY_NAME] => Мытищи
                                                    [CITY_KLADR] => 5000004400000000000000000
                                                    [GOODSLOADING] => 1
                                                    [ADDRESS] => Россия, Московская обл., г. Мытищи, ул. Силикатная, д. 51А, стр. 6
                                                    [TERMINAL_ID] => 0
                                                    [WORKTIMESTART] => 10:00
                                                    [BREAKSTART] => 12:00
                                                    [BREAKEND] => 13:00
                                                    [WORKTIMEEND] => 18:00
                                                    [LOADING_TYPE] => BACK
                                                    [REQUIREMENTSTRANSPORT] => 
                                                )

                                            [CARGO] => Array
                                                (
                                                    [DAYDELAY] => 
                                                    [LOADING_GROUPING_OF_GOODS] => ONE_CARGO_SPACE
                                                    [DEFAULT_PARAMS] => 0
                                                )

                                            [YURI] => Array
                                                (
                                                    [COUNTERAGENT] => 0
                                                    [OPF_COUNTRY] => 0x8f51001438c4d49511dbd774581edb7a
                                                    [OPF] => 0
                                                    [ADDRESS] => 123298, г. МОСКВА, ВН.ТЕР.Г.МУНИЦИПАЛЬНЫЙ ОКРУГ ХОРОШЕВО-МНЕВНИКИ, УЛ 3-Я ХОРОШЁВСКАЯ, ДОМ 13 КОРПУС 1, ПОМЕЩ. 4.4.
                                                    [NAME] => ООО "ХАРЦ ЛАБС"
                                                    [INN] => 7751087784
                                                )

                                            [PERSON] => Array
                                                (
                                                    [NAME] => Адамов Андрей Владимирович
                                                    [PHONE] => 78005559344
                                                    [EMAIL] => info@harzlabs.ru
                                                )

                                            [ARRIVAL] => Array
                                                (
                                                    [GOODSLOADING] => 0
                                                    [IS_SMALL_GOODS] => 0
                                                    [IS_INSURANCE_GOODS_WITH_DECLARE_PRICE] => 0
                                                    [UNLOADING_TYPE] => NULL
                                                    [UNLOADING_TRANSPORT_REQUIREMENTS] => NULL
                                                    [UNLOADING_ADDITIONAL_EQUIPMENT] => NULL
                                                )

                                            [PRODUCT] => Array
                                                (
                                                    [LENGTH] => 
                                                    [WIDTH] => 
                                                    [HEIGHT] => 
                                                    [WEIGHT] => 
                                                )

                                            [WIDGET] => Array
                                                (
                                                    [VIEW_TYPE] => 2
                                                )

                                        )

                                    [restricted:protected] => 
                                    [trackingClass:protected] => \Sale\Handlers\Delivery\DellinTracking
                                    [deliveryRequestHandler:protected] => 
                                    [extraServices:protected] => Bitrix\Sale\Delivery\ExtraServices\Manager Object
                                        (
                                            [items:protected] => Array
                                                (
                                                )

                                            [isClone:protected] => 
                                        )

                                    [trackingParams:protected] => Array
                                        (
                                        )

                                    [allowEditShipment:protected] => Y
                                    [isClone:protected] => 
                                )

                            [extraServices:protected] => 
                            [areExtraServicesChanged:protected] => 
                            [storeId:protected] => 
                            [isStoreIdChanged:protected] => 
                            [internalId:protected] => 21923
                            [propertyCollection:protected] => 
                            [isNew:protected] => 1
                        )

                    [1] => Bitrix\Crm\Order\Shipment Object
                        (
                            [fields:protected] => Bitrix\Sale\Internals\Fields Object
                                (
                                    [values:protected] => Array
                                        (
                                            [ID] => 21922
                                            [ORDER_ID] => 10976
                                            [ACCOUNT_NUMBER] => HL-19425/1
                                            [DATE_INSERT] => Bitrix\Main\Type\DateTime Object
                                                (
                                                    [value:protected] => DateTime Object
                                                        (
                                                            [date] => 2025-12-04 19:25:40.000000
                                                            [timezone_type] => 3
                                                            [timezone] => Europe/Moscow
                                                        )

                                                    [userTimeEnabled:protected] => 1
                                                )

                                            [DATE_UPDATE] => 
                                            [STATUS_ID] => DN
                                            [DELIVERY_LOCATION] => 
                                            [BASE_PRICE_DELIVERY] => 0
                                            [PRICE_DELIVERY] => 0
                                            [WEIGHT] => 0.0000
                                            [CUSTOM_PRICE_DELIVERY] => N
                                            [CURRENCY] => RUB
                                            [DISCOUNT_PRICE] => 0
                                            [ALLOW_DELIVERY] => N
                                            [DATE_ALLOW_DELIVERY] => 
                                            [EMP_ALLOW_DELIVERY_ID] => 
                                            [DEDUCTED] => N
                                            [DATE_DEDUCTED] => 
                                            [EMP_DEDUCTED_ID] => 
                                            [REASON_UNDO_DEDUCTED] => 
                                            [RESERVED] => N
                                            [DELIVERY_ID] => 99
                                            [DELIVERY_DOC_NUM] => 
                                            [DELIVERY_DOC_DATE] => 
                                            [TRACKING_NUMBER] => 
                                            [TRACKING_STATUS] => 
                                            [TRACKING_DESCRIPTION] => 
                                            [TRACKING_LAST_CHECK] => 
                                            [TRACKING_LAST_CHANGE] => 
                                            [XML_ID] => bx_6931b604d378d
                                            [PARAMS] => 
                                            [DELIVERY_NAME] => Деловые линии (Доставка до терминала)
                                            [CANCELED] => N
                                            [DATE_CANCELED] => 
                                            [EMP_CANCELED_ID] => 
                                            [REASON_CANCELED] => 
                                            [MARKED] => N
                                            [DATE_MARKED] => 
                                            [EMP_MARKED_ID] => 
                                            [REASON_MARKED] => 
                                            [SYSTEM] => Y
                                            [RESPONSIBLE_ID] => 
                                            [EMP_RESPONSIBLE_ID] => 
                                            [DATE_RESPONSIBLE_ID] => 
                                            [COMMENTS] => 
                                            [COMPANY_ID] => 
                                            [UPDATED_1C] => N
                                            [ID_1C] => 
                                            [VERSION_1C] => 
                                            [EXTERNAL_DELIVERY] => N
                                            [IS_REALIZATION] => 
                                        )

                                    [changedValues:protected] => Array
                                        (
                                        )

                                    [originalValues:Bitrix\Sale\Internals\Fields:private] => Array
                                        (
                                        )

                                    [customFields:Bitrix\Sale\Internals\Fields:private] => Array
                                        (
                                        )

                                    [isClone:protected] => 
                                )

                            [eventName:protected] => 
                            [collection:protected] => Bitrix\Crm\Order\ShipmentCollection Object
 *RECURSION*
                            [internalIndex:protected] => 1
                            [isClone:protected] => 
                            [shipmentItemCollection:protected] => 
                            [service:protected] => Sale\Handlers\Delivery\DellinHandler Object
                                (
                                    [handlerCode:protected] => UNDEFINED
                                    [id:protected] => 99
                                    [name:protected] => Деловые линии (Доставка до терминала)
                                    [code:protected] => 
                                    [vatId:protected] => 0
                                    [sort:protected] => 100
                                    [logotip:protected] => 0
                                    [parentId:protected] => 0
                                    [currency:protected] => RUB
                                    [active:protected] => 1
                                    [description:protected] => Автоматизированый метод доставки ГК "Деловые линии".
                                    [config:protected] => Array
                                        (
                                            [MAIN] => Array
                                                (
                                                    [APIKEY] => D88FBA73-11D8-4791-98DB-4B6799D90D57
                                                    [LOGIN] => warehouse@harzlabs.ru
                                                    [PASSWORD] => HARZLabs2022
                                                )

                                            [DEBUG] => Array
                                                (
                                                    [DEBUG_MODE] => Y
                                                )

                                            [PACKAGES] => Array
                                                (
                                                    [crate] => N
                                                    [cratePlus] => N
                                                    [box] => N
                                                    [type] => N
                                                    [crateWithBubble] => N
                                                    [carGlass] => N
                                                    [carParts] => N
                                                    [palletWithBubble] => N
                                                    [bag] => N
                                                    [bubble] => N
                                                    [pallet] => N
                                                )

                                            [DERIVAL] => Array
                                                (
                                                    [CITY_NAME] => Мытищи
                                                    [CITY_KLADR] => 5000004400000000000000000
                                                    [GOODSLOADING] => 1
                                                    [ADDRESS] => Россия, Московская обл., г. Мытищи, ул. Силикатная, д. 51А, стр. 6
                                                    [TERMINAL_ID] => 0
                                                    [WORKTIMESTART] => 10:00
                                                    [BREAKSTART] => 12:00
                                                    [BREAKEND] => 13:00
                                                    [WORKTIMEEND] => 18:00
                                                    [LOADING_TYPE] => BACK
                                                    [REQUIREMENTSTRANSPORT] => 
                                                )

                                            [CARGO] => Array
                                                (
                                                    [DAYDELAY] => 
                                                    [LOADING_GROUPING_OF_GOODS] => ONE_CARGO_SPACE
                                                    [DEFAULT_PARAMS] => 0
                                                )

                                            [YURI] => Array
                                                (
                                                    [COUNTERAGENT] => 0
                                                    [OPF_COUNTRY] => 0x8f51001438c4d49511dbd774581edb7a
                                                    [OPF] => 0
                                                    [ADDRESS] => 123298, г. МОСКВА, ВН.ТЕР.Г.МУНИЦИПАЛЬНЫЙ ОКРУГ ХОРОШЕВО-МНЕВНИКИ, УЛ 3-Я ХОРОШЁВСКАЯ, ДОМ 13 КОРПУС 1, ПОМЕЩ. 4.4.
                                                    [NAME] => ООО "ХАРЦ ЛАБС"
                                                    [INN] => 7751087784
                                                )

                                            [PERSON] => Array
                                                (
                                                    [NAME] => Адамов Андрей Владимирович
                                                    [PHONE] => 78005559344
                                                    [EMAIL] => info@harzlabs.ru
                                                )

                                            [ARRIVAL] => Array
                                                (
                                                    [GOODSLOADING] => 0
                                                    [IS_SMALL_GOODS] => 0
                                                    [IS_INSURANCE_GOODS_WITH_DECLARE_PRICE] => 0
                                                    [UNLOADING_TYPE] => NULL
                                                    [UNLOADING_TRANSPORT_REQUIREMENTS] => NULL
                                                    [UNLOADING_ADDITIONAL_EQUIPMENT] => NULL
                                                )

                                            [PRODUCT] => Array
                                                (
                                                    [LENGTH] => 
                                                    [WIDTH] => 
                                                    [HEIGHT] => 
                                                    [WEIGHT] => 
                                                )

                                            [WIDGET] => Array
                                                (
                                                    [VIEW_TYPE] => 2
                                                )

                                        )

                                    [restricted:protected] => 
                                    [trackingClass:protected] => \Sale\Handlers\Delivery\DellinTracking
                                    [deliveryRequestHandler:protected] => 
                                    [extraServices:protected] => Bitrix\Sale\Delivery\ExtraServices\Manager Object
                                        (
                                            [items:protected] => Array
                                                (
                                                )

                                            [isClone:protected] => 
                                        )

                                    [trackingParams:protected] => Array
                                        (
                                        )

                                    [allowEditShipment:protected] => Y
                                    [isClone:protected] => 
                                )

                            [extraServices:protected] => 
                            [areExtraServicesChanged:protected] => 
                            [storeId:protected] => 
                            [isStoreIdChanged:protected] => 
                            [internalId:protected] => 0
                            [propertyCollection:protected] => 
                            [isNew:protected] => 1
                        )

                )

            [index:Bitrix\Sale\Internals\EntityCollection:private] => 1
            [isClone:protected] => 
            [anyItemDeleted:protected] => 
            [anyItemAdded:protected] => 
            [order:protected] => Bitrix\Crm\Order\Order Object
 *RECURSION*
        )

    [paymentCollection:protected] => Bitrix\Crm\Order\PaymentCollection Object
        (
            [collection:protected] => Array
                (
                    [0] => Bitrix\Crm\Order\Payment Object
                        (
                            [fields:protected] => Bitrix\Sale\Internals\Fields Object
                                (
                                    [values:protected] => Array
                                        (
                                            [ID] => 10968
                                            [ORDER_ID] => 10976
                                            [ACCOUNT_NUMBER] => HL-19425/1
                                            [PAID] => N
                                            [DATE_PAID] => 
                                            [EMP_PAID_ID] => 
                                            [PAY_SYSTEM_ID] => 19
                                            [PS_STATUS] => 
                                            [PS_STATUS_CODE] => 
                                            [PS_INVOICE_ID] => 30c3c9c8-000f-5001-8000-1993cfe06f4d
                                            [PS_STATUS_DESCRIPTION] => 
                                            [PS_STATUS_MESSAGE] => 
                                            [PS_SUM] => 
                                            [PS_CURRENCY] => 
                                            [PS_RESPONSE_DATE] => 
                                            [PS_RECURRING_TOKEN] => 
                                            [PS_CARD_NUMBER] => 
                                            [PAY_VOUCHER_NUM] => 
                                            [PAY_VOUCHER_DATE] => 
                                            [DATE_PAY_BEFORE] => 
                                            [DATE_BILL] => Bitrix\Main\Type\DateTime Object
                                                (
                                                    [value:protected] => DateTime Object
                                                        (
                                                            [date] => 2025-12-04 19:25:40.000000
                                                            [timezone_type] => 3
                                                            [timezone] => Europe/Moscow
                                                        )

                                                    [userTimeEnabled:protected] => 1
                                                )

                                            [XML_ID] => bx_6931b604d9188
                                            [SUM] => 12553
                                            [PRICE_COD] => 0
                                            [CURRENCY] => RUB
                                            [PAY_SYSTEM_NAME] => ЮKassa
                                            [RESPONSIBLE_ID] => 
                                            [EMP_RESPONSIBLE_ID] => 
                                            [DATE_RESPONSIBLE_ID] => 
                                            [COMMENTS] => 
                                            [COMPANY_ID] => 1
                                            [PAY_RETURN_NUM] => 
                                            [PAY_RETURN_DATE] => 
                                            [EMP_RETURN_ID] => 
                                            [PAY_RETURN_COMMENT] => 
                                            [IS_RETURN] => N
                                            [MARKED] => N
                                            [DATE_MARKED] => 
                                            [EMP_MARKED_ID] => 
                                            [REASON_MARKED] => 
                                            [UPDATED_1C] => N
                                            [ID_1C] => 
                                            [VERSION_1C] => 
                                            [EXTERNAL_PAYMENT] => N
                                        )

                                    [changedValues:protected] => Array
                                        (
                                            [PS_INVOICE_ID] => 1
                                        )

                                    [originalValues:Bitrix\Sale\Internals\Fields:private] => Array
                                        (
                                            [PS_INVOICE_ID] => 
                                        )

                                    [customFields:Bitrix\Sale\Internals\Fields:private] => Array
                                        (
                                        )

                                    [isClone:protected] => 
                                )

                            [eventName:protected] => SalePayment
                            [collection:protected] => Bitrix\Crm\Order\PaymentCollection Object
 *RECURSION*
                            [internalIndex:protected] => 0
                            [isClone:protected] => 
                            [service:protected] => Bitrix\Sale\PaySystem\Service Object
                                (
                                    [handler:Bitrix\Sale\PaySystem\Service:private] => Sale\Handlers\PaySystem\YandexCheckoutHandler Object
                                        (
                                            [handlerType:protected] => SYSTEM
                                            [service:protected] => Bitrix\Sale\PaySystem\Service Object
 *RECURSION*
                                            [extraParams:protected] => Array
                                                (
                                                )

                                            [initiateMode:protected] => 1
                                            [isClone:protected] => 
                                            [businessCodes:Bitrix\Sale\PaySystem\BaseServiceHandler:private] => Array
                                                (
                                                )

                                        )

                                    [fields:Bitrix\Sale\PaySystem\Service:private] => Array
                                        (
                                            [ID] => 19
                                            [PAY_SYSTEM_ID] => 19
                                            [PERSON_TYPE_ID] => 
                                            [NAME] => ЮKassa
                                            [PSA_NAME] => ЮKassa
                                            [CODE] => 
                                            [SORT] => 100
                                            [ACTION_FILE] => yandexcheckout
                                            [RESULT_FILE] => 
                                            [DESCRIPTION] => 
                                            [NEW_WINDOW] => N
                                            [PARAMS] => a:1:{s:16:"BX_PAY_SYSTEM_ID";i:19;}
                                            [TARIF] => 
                                            [PS_MODE] => embedded
                                            [PS_CLIENT_TYPE] => b2c
                                            [HAVE_PAYMENT] => Y
                                            [HAVE_ACTION] => N
                                            [HAVE_RESULT] => N
                                            [HAVE_PREPAY] => N
                                            [HAVE_PRICE] => N
                                            [HAVE_RESULT_RECEIVE] => Y
                                            [ENCODING] => utf-8
                                            [LOGOTIP] => 183600
                                            [ACTIVE] => Y
                                            [ALLOW_EDIT_PAYMENT] => Y
                                            [IS_CASH] => A
                                            [AUTO_CHANGE_1C] => N
                                            [CAN_PRINT_CHECK] => Y
                                            [ENTITY_REGISTRY_TYPE] => ORDER
                                            [XML_ID] => bx_6619277d81b05
                                        )

                                    [isClone:protected] => 
                                    [context:protected] => Bitrix\Sale\PaySystem\Context Object
                                        (
                                            [url:Bitrix\Sale\PaySystem\Context:private] => https://harzlabs.ru/personal/order/make/?ORDER_ID=HL-19425
                                        )

                                )

                            [payableItemCollection:protected] => Bitrix\Crm\Order\PayableItemCollection Object
                                (
                                    [collection:protected] => Array
                                        (
                                            [0] => Bitrix\Crm\Order\PayableShipmentItem Object
                                                (
                                                    [fields:protected] => Bitrix\Sale\Internals\Fields Object
                                                        (
                                                            [values:protected] => Array
                                                                (
                                                                    [ID] => 36622
                                                                    [ENTITY_ID] => 21923
                                                                    [ENTITY_TYPE] => SHIPMENT
                                                                    [PAYMENT_ID] => 10968
                                                                    [DATE_INSERT] => Bitrix\Main\Type\DateTime Object
                                                                        (
                                                                            [value:protected] => DateTime Object
                                                                                (
                                                                                    [date] => 2025-12-04 19:25:42.000000
                                                                                    [timezone_type] => 3
                                                                                    [timezone] => Europe/Moscow
                                                                                )

                                                                            [userTimeEnabled:protected] => 1
                                                                        )

                                                                    [QUANTITY] => 1.0000
                                                                    [XML_ID] => bx_6931b60680011
                                                                )

                                                            [changedValues:protected] => Array
                                                                (
                                                                )

                                                            [originalValues:Bitrix\Sale\Internals\Fields:private] => Array
                                                                (
                                                                )

                                                            [customFields:Bitrix\Sale\Internals\Fields:private] => Array
                                                                (
                                                                )

                                                            [isClone:protected] => 
                                                        )

                                                    [eventName:protected] => 
                                                    [collection:protected] => Bitrix\Crm\Order\PayableItemCollection Object
 *RECURSION*
                                                    [internalIndex:protected] => 0
                                                    [isClone:protected] => 
                                                    [item:protected] => Bitrix\Crm\Order\Shipment Object
                                                        (
                                                            [fields:protected] => Bitrix\Sale\Internals\Fields Object
                                                                (
                                                                    [values:protected] => Array
                                                                        (
                                                                            [ID] => 21923
                                                                            [ORDER_ID] => 10976
                                                                            [ACCOUNT_NUMBER] => HL-19425/2
                                                                            [DATE_INSERT] => Bitrix\Main\Type\DateTime Object
                                                                                (
                                                                                    [value:protected] => DateTime Object
                                                                                        (
                                                                                            [date] => 2025-12-04 19:25:40.000000
                                                                                            [timezone_type] => 3
                                                                                            [timezone] => Europe/Moscow
                                                                                        )

                                                                                    [userTimeEnabled:protected] => 1
                                                                                )

                                                                            [DATE_UPDATE] => Bitrix\Main\Type\DateTime Object
                                                                                (
                                                                                    [value:protected] => DateTime Object
                                                                                        (
                                                                                            [date] => 2025-12-04 19:25:41.000000
                                                                                            [timezone_type] => 3
                                                                                            [timezone] => Europe/Moscow
                                                                                        )

                                                                                    [userTimeEnabled:protected] => 1
                                                                                )

                                                                            [STATUS_ID] => DN
                                                                            [DELIVERY_LOCATION] => 
                                                                            [BASE_PRICE_DELIVERY] => 1653
                                                                            [PRICE_DELIVERY] => 1653
                                                                            [WEIGHT] => 1000.0000
                                                                            [CUSTOM_PRICE_DELIVERY] => N
                                                                            [CURRENCY] => RUB
                                                                            [DISCOUNT_PRICE] => 0
                                                                            [ALLOW_DELIVERY] => N
                                                                            [DATE_ALLOW_DELIVERY] => 
                                                                            [EMP_ALLOW_DELIVERY_ID] => 
                                                                            [DEDUCTED] => N
                                                                            [DATE_DEDUCTED] => 
                                                                            [EMP_DEDUCTED_ID] => 
                                                                            [REASON_UNDO_DEDUCTED] => 
                                                                            [RESERVED] => N
                                                                            [DELIVERY_ID] => 99
                                                                            [DELIVERY_DOC_NUM] => 
                                                                            [DELIVERY_DOC_DATE] => 
                                                                            [TRACKING_NUMBER] => 
                                                                            [TRACKING_STATUS] => 
                                                                            [TRACKING_DESCRIPTION] => 
                                                                            [TRACKING_LAST_CHECK] => 
                                                                            [TRACKING_LAST_CHANGE] => 
                                                                            [XML_ID] => bx_6931b604d52a1
                                                                            [PARAMS] => 
                                                                            [DELIVERY_NAME] => Деловые линии (Доставка до терминала)
                                                                            [CANCELED] => N
                                                                            [DATE_CANCELED] => 
                                                                            [EMP_CANCELED_ID] => 
                                                                            [REASON_CANCELED] => 
                                                                            [MARKED] => N
                                                                            [DATE_MARKED] => 
                                                                            [EMP_MARKED_ID] => 
                                                                            [REASON_MARKED] => 
                                                                            [SYSTEM] => N
                                                                            [RESPONSIBLE_ID] => 
                                                                            [EMP_RESPONSIBLE_ID] => 
                                                                            [DATE_RESPONSIBLE_ID] => 
                                                                            [COMMENTS] => 
                                                                            [COMPANY_ID] => 1
                                                                            [UPDATED_1C] => N
                                                                            [ID_1C] => 
                                                                            [VERSION_1C] => 
                                                                            [EXTERNAL_DELIVERY] => N
                                                                            [IS_REALIZATION] => 
                                                                        )

                                                                    [changedValues:protected] => Array
                                                                        (
                                                                        )

                                                                    [originalValues:Bitrix\Sale\Internals\Fields:private] => Array
                                                                        (
                                                                        )

                                                                    [customFields:Bitrix\Sale\Internals\Fields:private] => Array
                                                                        (
                                                                        )

                                                                    [isClone:protected] => 
                                                                )

                                                            [eventName:protected] => 
                                                            [collection:protected] => Bitrix\Crm\Order\ShipmentCollection Object
                                                                (
                                                                    [collection:protected] => Array
                                                                        (
                                                                            [0] => Bitrix\Crm\Order\Shipment Object
 *RECURSION*
                                                                            [1] => Bitrix\Crm\Order\Shipment Object
                                                                                (
                                                                                    [fields:protected] => Bitrix\Sale\Internals\Fields Object
                                                                                        (
                                                                                            [values:protected] => Array
                                                                                                (
                                                                                                    [ID] => 21922
                                                                                                    [ORDER_ID] => 10976
                                                                                                    [ACCOUNT_NUMBER] => HL-19425/1
                                                                                                    [DATE_INSERT] => Bitrix\Main\Type\DateTime Object
                                                                                                        (
                                                                                                            [value:protected] => DateTime Object
                                                                                                                (
                                                                                                                    [date] => 2025-12-04 19:25:40.000000
                                                                                                                    [timezone_type] => 3
                                                                                                                    [timezone] => Europe/Moscow
                                                                                                                )

                                                                                                            [userTimeEnabled:protected] => 1
                                                                                                        )

                                                                                                    [DATE_UPDATE] => 
                                                                                                    [STATUS_ID] => DN
                                                                                                    [DELIVERY_LOCATION] => 
                                                                                                    [BASE_PRICE_DELIVERY] => 0
                                                                                                    [PRICE_DELIVERY] => 0
                                                                                                    [WEIGHT] => 0.0000
                                                                                                    [CUSTOM_PRICE_DELIVERY] => N
                                                                                                    [CURRENCY] => RUB
                                                                                                    [DISCOUNT_PRICE] => 0
                                                                                                    [ALLOW_DELIVERY] => N
                                                                                                    [DATE_ALLOW_DELIVERY] => 
                                                                                                    [EMP_ALLOW_DELIVERY_ID] => 
                                                                                                    [DEDUCTED] => N
                                                                                                    [DATE_DEDUCTED] => 
                                                                                                    [EMP_DEDUCTED_ID] => 
                                                                                                    [REASON_UNDO_DEDUCTED] => 
                                                                                                    [RESERVED] => N
                                                                                                    [DELIVERY_ID] => 99
                                                                                                    [DELIVERY_DOC_NUM] => 
                                                                                                    [DELIVERY_DOC_DATE] => 
                                                                                                    [TRACKING_NUMBER] => 
                                                                                                    [TRACKING_STATUS] => 
                                                                                                    [TRACKING_DESCRIPTION] => 
                                                                                                    [TRACKING_LAST_CHECK] => 
                                                                                                    [TRACKING_LAST_CHANGE] => 
                                                                                                    [XML_ID] => bx_6931b604d378d
                                                                                                    [PARAMS] => 
                                                                                                    [DELIVERY_NAME] => Деловые линии (Доставка до терминала)
                                                                                                    [CANCELED] => N
                                                                                                    [DATE_CANCELED] => 
                                                                                                    [EMP_CANCELED_ID] => 
                                                                                                    [REASON_CANCELED] => 
                                                                                                    [MARKED] => N
                                                                                                    [DATE_MARKED] => 
                                                                                                    [EMP_MARKED_ID] => 
                                                                                                    [REASON_MARKED] => 
                                                                                                    [SYSTEM] => Y
                                                                                                    [RESPONSIBLE_ID] => 
                                                                                                    [EMP_RESPONSIBLE_ID] => 
                                                                                                    [DATE_RESPONSIBLE_ID] => 
                                                                                                    [COMMENTS] => 
                                                                                                    [COMPANY_ID] => 
                                                                                                    [UPDATED_1C] => N
                                                                                                    [ID_1C] => 
                                                                                                    [VERSION_1C] => 
                                                                                                    [EXTERNAL_DELIVERY] => N
                                                                                                    [IS_REALIZATION] => 
                                                                                                )

                                                                                            [changedValues:protected] => Array
                                                                                                (
                                                                                                )

                                                                                            [originalValues:Bitrix\Sale\Internals\Fields:private] => Array
                                                                                                (
                                                                                                )

                                                                                            [customFields:Bitrix\Sale\Internals\Fields:private] => Array
                                                                                                (
                                                                                                )

                                                                                            [isClone:protected] => 
                                                                                        )

                                                                                    [eventName:protected] => 
                                                                                    [collection:protected] => Bitrix\Crm\Order\ShipmentCollection Object
 *RECURSION*
                                                                                    [internalIndex:protected] => 1
                                                                                    [isClone:protected] => 
                                                                                    [shipmentItemCollection:protected] => 
                                                                                    [service:protected] => Sale\Handlers\Delivery\DellinHandler Object
                                                                                        (
                                                                                            [handlerCode:protected] => UNDEFINED
                                                                                            [id:protected] => 99
                                                                                            [name:protected] => Деловые линии (Доставка до терминала)
                                                                                            [code:protected] => 
                                                                                            [vatId:protected] => 0
                                                                                            [sort:protected] => 100
                                                                                            [logotip:protected] => 0
                                                                                            [parentId:protected] => 0
                                                                                            [currency:protected] => RUB
                                                                                            [active:protected] => 1
                                                                                            [description:protected] => Автоматизированый метод доставки ГК "Деловые линии".
                                                                                            [config:protected] => Array
                                                                                                (
                                                                                                    [MAIN] => Array
                                                                                                        (
                                                                                                            [APIKEY] => D88FBA73-11D8-4791-98DB-4B6799D90D57
                                                                                                            [LOGIN] => warehouse@harzlabs.ru
                                                                                                            [PASSWORD] => HARZLabs2022
                                                                                                        )

                                                                                                    [DEBUG] => Array
                                                                                                        (
                                                                                                            [DEBUG_MODE] => Y
                                                                                                        )

                                                                                                    [PACKAGES] => Array
                                                                                                        (
                                                                                                            [crate] => N
                                                                                                            [cratePlus] => N
                                                                                                            [box] => N
                                                                                                            [type] => N
                                                                                                            [crateWithBubble] => N
                                                                                                            [carGlass] => N
                                                                                                            [carParts] => N
                                                                                                            [palletWithBubble] => N
                                                                                                            [bag] => N
                                                                                                            [bubble] => N
                                                                                                            [pallet] => N
                                                                                                        )

                                                                                                    [DERIVAL] => Array
                                                                                                        (
                                                                                                            [CITY_NAME] => Мытищи
                                                                                                            [CITY_KLADR] => 5000004400000000000000000
                                                                                                            [GOODSLOADING] => 1
                                                                                                            [ADDRESS] => Россия, Московская обл., г. Мытищи, ул. Силикатная, д. 51А, стр. 6
                                                                                                            [TERMINAL_ID] => 0
                                                                                                            [WORKTIMESTART] => 10:00
                                                                                                            [BREAKSTART] => 12:00
                                                                                                            [BREAKEND] => 13:00
                                                                                                            [WORKTIMEEND] => 18:00
                                                                                                            [LOADING_TYPE] => BACK
                                                                                                            [REQUIREMENTSTRANSPORT] => 
                                                                                                        )

                                                                                                    [CARGO] => Array
                                                                                                        (
                                                                                                            [DAYDELAY] => 
                                                                                                            [LOADING_GROUPING_OF_GOODS] => ONE_CARGO_SPACE
                                                                                                            [DEFAULT_PARAMS] => 0
                                                                                                        )

                                                                                                    [YURI] => Array
                                                                                                        (
                                                                                                            [COUNTERAGENT] => 0
                                                                                                            [OPF_COUNTRY] => 0x8f51001438c4d49511dbd774581edb7a
                                                                                                            [OPF] => 0
                                                                                                            [ADDRESS] => 123298, г. МОСКВА, ВН.ТЕР.Г.МУНИЦИПАЛЬНЫЙ ОКРУГ ХОРОШЕВО-МНЕВНИКИ, УЛ 3-Я ХОРОШЁВСКАЯ, ДОМ 13 КОРПУС 1, ПОМЕЩ. 4.4.
                                                                                                            [NAME] => ООО "ХАРЦ ЛАБС"
                                                                                                            [INN] => 7751087784
                                                                                                        )

                                                                                                    [PERSON] => Array
                                                                                                        (
                                                                                                            [NAME] => Адамов Андрей Владимирович
                                                                                                            [PHONE] => 78005559344
                                                                                                            [EMAIL] => info@harzlabs.ru
                                                                                                        )

                                                                                                    [ARRIVAL] => Array
                                                                                                        (
                                                                                                            [GOODSLOADING] => 0
                                                                                                            [IS_SMALL_GOODS] => 0
                                                                                                            [IS_INSURANCE_GOODS_WITH_DECLARE_PRICE] => 0
                                                                                                            [UNLOADING_TYPE] => NULL
                                                                                                            [UNLOADING_TRANSPORT_REQUIREMENTS] => NULL
                                                                                                            [UNLOADING_ADDITIONAL_EQUIPMENT] => NULL
                                                                                                        )

                                                                                                    [PRODUCT] => Array
                                                                                                        (
                                                                                                            [LENGTH] => 
                                                                                                            [WIDTH] => 
                                                                                                            [HEIGHT] => 
                                                                                                            [WEIGHT] => 
                                                                                                        )

                                                                                                    [WIDGET] => Array
                                                                                                        (
                                                                                                            [VIEW_TYPE] => 2
                                                                                                        )

                                                                                                )

                                                                                            [restricted:protected] => 
                                                                                            [trackingClass:protected] => \Sale\Handlers\Delivery\DellinTracking
                                                                                            [deliveryRequestHandler:protected] => 
                                                                                            [extraServices:protected] => Bitrix\Sale\Delivery\ExtraServices\Manager Object
                                                                                                (
                                                                                                    [items:protected] => Array
                                                                                                        (
                                                                                                        )

                                                                                                    [isClone:protected] => 
                                                                                                )

                                                                                            [trackingParams:protected] => Array
                                                                                                (
                                                                                                )

                                                                                            [allowEditShipment:protected] => Y
                                                                                            [isClone:protected] => 
                                                                                        )

                                                                                    [extraServices:protected] => 
                                                                                    [areExtraServicesChanged:protected] => 
                                                                                    [storeId:protected] => 
                                                                                    [isStoreIdChanged:protected] => 
                                                                                    [internalId:protected] => 0
                                                                                    [propertyCollection:protected] => 
                                                                                    [isNew:protected] => 1
                                                                                )

                                                                        )

                                                                    [index:Bitrix\Sale\Internals\EntityCollection:private] => 1
                                                                    [isClone:protected] => 
                                                                    [anyItemDeleted:protected] => 
                                                                    [anyItemAdded:protected] => 
                                                                    [order:protected] => Bitrix\Crm\Order\Order Object
 *RECURSION*
                                                                )

                                                            [internalIndex:protected] => 0
                                                            [isClone:protected] => 
                                                            [shipmentItemCollection:protected] => 
                                                            [service:protected] => Sale\Handlers\Delivery\DellinHandler Object
                                                                (
                                                                    [handlerCode:protected] => UNDEFINED
                                                                    [id:protected] => 99
                                                                    [name:protected] => Деловые линии (Доставка до терминала)
                                                                    [code:protected] => 
                                                                    [vatId:protected] => 0
                                                                    [sort:protected] => 100
                                                                    [logotip:protected] => 0
                                                                    [parentId:protected] => 0
                                                                    [currency:protected] => RUB
                                                                    [active:protected] => 1
                                                                    [description:protected] => Автоматизированый метод доставки ГК "Деловые линии".
                                                                    [config:protected] => Array
                                                                        (
                                                                            [MAIN] => Array
                                                                                (
                                                                                    [APIKEY] => D88FBA73-11D8-4791-98DB-4B6799D90D57
                                                                                    [LOGIN] => warehouse@harzlabs.ru
                                                                                    [PASSWORD] => HARZLabs2022
                                                                                )

                                                                            [DEBUG] => Array
                                                                                (
                                                                                    [DEBUG_MODE] => Y
                                                                                )

                                                                            [PACKAGES] => Array
                                                                                (
                                                                                    [crate] => N
                                                                                    [cratePlus] => N
                                                                                    [box] => N
                                                                                    [type] => N
                                                                                    [crateWithBubble] => N
                                                                                    [carGlass] => N
                                                                                    [carParts] => N
                                                                                    [palletWithBubble] => N
                                                                                    [bag] => N
                                                                                    [bubble] => N
                                                                                    [pallet] => N
                                                                                )

                                                                            [DERIVAL] => Array
                                                                                (
                                                                                    [CITY_NAME] => Мытищи
                                                                                    [CITY_KLADR] => 5000004400000000000000000
                                                                                    [GOODSLOADING] => 1
                                                                                    [ADDRESS] => Россия, Московская обл., г. Мытищи, ул. Силикатная, д. 51А, стр. 6
                                                                                    [TERMINAL_ID] => 0
                                                                                    [WORKTIMESTART] => 10:00
                                                                                    [BREAKSTART] => 12:00
                                                                                    [BREAKEND] => 13:00
                                                                                    [WORKTIMEEND] => 18:00
                                                                                    [LOADING_TYPE] => BACK
                                                                                    [REQUIREMENTSTRANSPORT] => 
                                                                                )

                                                                            [CARGO] => Array
                                                                                (
                                                                                    [DAYDELAY] => 
                                                                                    [LOADING_GROUPING_OF_GOODS] => ONE_CARGO_SPACE
                                                                                    [DEFAULT_PARAMS] => 0
                                                                                )

                                                                            [YURI] => Array
                                                                                (
                                                                                    [COUNTERAGENT] => 0
                                                                                    [OPF_COUNTRY] => 0x8f51001438c4d49511dbd774581edb7a
                                                                                    [OPF] => 0
                                                                                    [ADDRESS] => 123298, г. МОСКВА, ВН.ТЕР.Г.МУНИЦИПАЛЬНЫЙ ОКРУГ ХОРОШЕВО-МНЕВНИКИ, УЛ 3-Я ХОРОШЁВСКАЯ, ДОМ 13 КОРПУС 1, ПОМЕЩ. 4.4.
                                                                                    [NAME] => ООО "ХАРЦ ЛАБС"
                                                                                    [INN] => 7751087784
                                                                                )

                                                                            [PERSON] => Array
                                                                                (
                                                                                    [NAME] => Адамов Андрей Владимирович
                                                                                    [PHONE] => 78005559344
                                                                                    [EMAIL] => info@harzlabs.ru
                                                                                )

                                                                            [ARRIVAL] => Array
                                                                                (
                                                                                    [GOODSLOADING] => 0
                                                                                    [IS_SMALL_GOODS] => 0
                                                                                    [IS_INSURANCE_GOODS_WITH_DECLARE_PRICE] => 0
                                                                                    [UNLOADING_TYPE] => NULL
                                                                                    [UNLOADING_TRANSPORT_REQUIREMENTS] => NULL
                                                                                    [UNLOADING_ADDITIONAL_EQUIPMENT] => NULL
                                                                                )

                                                                            [PRODUCT] => Array
                                                                                (
                                                                                    [LENGTH] => 
                                                                                    [WIDTH] => 
                                                                                    [HEIGHT] => 
                                                                                    [WEIGHT] => 
                                                                                )

                                                                            [WIDGET] => Array
                                                                                (
                                                                                    [VIEW_TYPE] => 2
                                                                                )

                                                                        )

                                                                    [restricted:protected] => 
                                                                    [trackingClass:protected] => \Sale\Handlers\Delivery\DellinTracking
                                                                    [deliveryRequestHandler:protected] => 
                                                                    [extraServices:protected] => Bitrix\Sale\Delivery\ExtraServices\Manager Object
                                                                        (
                                                                            [items:protected] => Array
                                                                                (
                                                                                )

                                                                            [isClone:protected] => 
                                                                        )

                                                                    [trackingParams:protected] => Array
                                                                        (
                                                                        )

                                                                    [allowEditShipment:protected] => Y
                                                                    [isClone:protected] => 
                                                                )

                                                            [extraServices:protected] => 
                                                            [areExtraServicesChanged:protected] => 
                                                            [storeId:protected] => 
                                                            [isStoreIdChanged:protected] => 
                                                            [internalId:protected] => 21923
                                                            [propertyCollection:protected] => 
                                                            [isNew:protected] => 1
                                                        )

                                                )

                                            [1] => Bitrix\Crm\Order\PayableBasketItem Object
                                                (
                                                    [fields:protected] => Bitrix\Sale\Internals\Fields Object
                                                        (
                                                            [values:protected] => Array
                                                                (
                                                                    [ID] => 36621
                                                                    [ENTITY_ID] => 55905
                                                                    [ENTITY_TYPE] => BASKET_ITEM
                                                                    [PAYMENT_ID] => 10968
                                                                    [DATE_INSERT] => Bitrix\Main\Type\DateTime Object
                                                                        (
                                                                            [value:protected] => DateTime Object
                                                                                (
                                                                                    [date] => 2025-12-04 19:25:42.000000
                                                                                    [timezone_type] => 3
                                                                                    [timezone] => Europe/Moscow
                                                                                )

                                                                            [userTimeEnabled:protected] => 1
                                                                        )

                                                                    [QUANTITY] => 1.0000
                                                                    [XML_ID] => bx_6931b6067ff61
                                                                )

                                                            [changedValues:protected] => Array
                                                                (
                                                                )

                                                            [originalValues:Bitrix\Sale\Internals\Fields:private] => Array
                                                                (
                                                                )

                                                            [customFields:Bitrix\Sale\Internals\Fields:private] => Array
                                                                (
                                                                )

                                                            [isClone:protected] => 
                                                        )

                                                    [eventName:protected] => 
                                                    [collection:protected] => Bitrix\Crm\Order\PayableItemCollection Object
 *RECURSION*
                                                    [internalIndex:protected] => 1
                                                    [isClone:protected] => 
                                                    [item:protected] => Bitrix\Crm\Order\BasketItem Object
                                                        (
                                                            [fields:protected] => Bitrix\Sale\Internals\Fields Object
                                                                (
                                                                    [values:protected] => Array
                                                                        (
                                                                            [ID] => 55905
                                                                            [LID] => st
                                                                            [MODULE] => catalog
                                                                            [PRODUCT_ID] => 303766
                                                                            [QUANTITY] => 1.0000
                                                                            [WEIGHT] => 1000.00
                                                                            [DELAY] => N
                                                                            [CAN_BUY] => Y
                                                                            [PRICE] => 10900
                                                                            [CUSTOM_PRICE] => N
                                                                            [BASE_PRICE] => 10900
                                                                            [PRODUCT_PRICE_ID] => 1983
                                                                            [PRICE_TYPE_ID] => 4
                                                                            [CURRENCY] => RUB
                                                                            [BARCODE_MULTI] => N
                                                                            [RESERVED] => N
                                                                            [RESERVE_QUANTITY] => 
                                                                            [NAME] => HARZ Labs Industrial ABS V2 (1 кг)
                                                                            [CATALOG_XML_ID] => offerstest2
                                                                            [VAT_RATE] => 0.2
                                                                            [NOTES] => Россия, ₽
                                                                            [DISCOUNT_PRICE] => 0
                                                                            [PRODUCT_PROVIDER_CLASS] => \Bitrix\Catalog\Product\CatalogProvider
                                                                            [CALLBACK_FUNC] => 
                                                                            [ORDER_CALLBACK_FUNC] => 
                                                                            [PAY_CALLBACK_FUNC] => 
                                                                            [CANCEL_CALLBACK_FUNC] => 
                                                                            [DIMENSIONS] => a:3:{s:5:"WIDTH";s:3:"100";s:6:"HEIGHT";s:3:"250";s:6:"LENGTH";s:3:"100";}
                                                                            [TYPE] => 
                                                                            [SET_PARENT_ID] => 
                                                                            [DETAIL_PAGE_URL] => /products/materialy/industrial-abs-v2.html
                                                                            [FUSER_ID] => 768982
                                                                            [MEASURE_CODE] => 796
                                                                            [MEASURE_NAME] => шт
                                                                            [ORDER_ID] => 10976
                                                                            [DATE_INSERT] => Bitrix\Main\Type\DateTime Object
                                                                                (
                                                                                    [value:protected] => DateTime Object
                                                                                        (
                                                                                            [date] => 2025-12-04 19:23:21.000000
                                                                                            [timezone_type] => 3
                                                                                            [timezone] => Europe/Moscow
                                                                                        )

                                                                                    [userTimeEnabled:protected] => 1
                                                                                )

                                                                            [DATE_UPDATE] => Bitrix\Main\Type\DateTime Object
                                                                                (
                                                                                    [value:protected] => DateTime Object
                                                                                        (
                                                                                            [date] => 2025-12-04 19:25:42.000000
                                                                                            [timezone_type] => 3
                                                                                            [timezone] => Europe/Moscow
                                                                                        )

                                                                                    [userTimeEnabled:protected] => 1
                                                                                )

                                                                            [PRODUCT_XML_ID] => 303765#303766
                                                                            [SUBSCRIBE] => N
                                                                            [RECOMMENDATION] => 
                                                                            [VAT_INCLUDED] => Y
                                                                            [SORT] => 100
                                                                            [DATE_REFRESH] => 
                                                                            [DISCOUNT_NAME] => 
                                                                            [DISCOUNT_VALUE] => 
                                                                            [DISCOUNT_COUPON] => 
                                                                            [XML_ID] => bx_6931b57902681
                                                                            [MARKING_CODE_GROUP] => 
                                                                        )

                                                                    [changedValues:protected] => Array
                                                                        (
                                                                        )

                                                                    [originalValues:Bitrix\Sale\Internals\Fields:private] => Array
                                                                        (
                                                                        )

                                                                    [customFields:Bitrix\Sale\Internals\Fields:private] => Array
                                                                        (
                                                                        )

                                                                    [isClone:protected] => 
                                                                )

                                                            [eventName:protected] => 
                                                            [collection:protected] => Bitrix\Crm\Order\Basket Object
                                                                (
                                                                    [collection:protected] => Array
                                                                        (
                                                                            [0] => Bitrix\Crm\Order\BasketItem Object
 *RECURSION*
                                                                        )

                                                                    [index:Bitrix\Sale\Internals\EntityCollection:private] => 0
                                                                    [isClone:protected] => 
                                                                    [anyItemDeleted:protected] => 
                                                                    [anyItemAdded:protected] => 
                                                                    [siteId:protected] => st
                                                                    [fUserId:protected] => 768982
                                                                    [order:protected] => Bitrix\Crm\Order\Order Object
 *RECURSION*
                                                                    [basketItemIndexMap:protected] => Array
                                                                        (
                                                                            [55905] => 0
                                                                        )

                                                                    [maxItemSort:protected] => 
                                                                    [isLoadForFUserId:Bitrix\Sale\BasketBase:private] => 
                                                                    [isSaveExecuting:protected] => 
                                                                )

                                                            [internalIndex:protected] => 0
                                                            [isClone:protected] => 
                                                            [propertyCollection:protected] => Bitrix\Crm\Order\BasketPropertiesCollection Object
                                                                (
                                                                    [collection:protected] => Array
                                                                        (
                                                                            [0] => Bitrix\Crm\Order\BasketPropertyItem Object
                                                                                (
                                                                                    [fields:protected] => Bitrix\Sale\Internals\Fields Object
                                                                                        (
                                                                                            [values:protected] => Array
                                                                                                (
                                                                                                    [ID] => 178890
                                                                                                    [BASKET_ID] => 55905
                                                                                                    [NAME] => Color
                                                                                                    [VALUE] => Dark Grey
                                                                                                    [CODE] => COLOR
                                                                                                    [SORT] => 1
                                                                                                    [XML_ID] => bx_6931b579027d9
                                                                                                )

                                                                                            [changedValues:protected] => Array
                                                                                                (
                                                                                                )

                                                                                            [originalValues:Bitrix\Sale\Internals\Fields:private] => Array
                                                                                                (
                                                                                                )

                                                                                            [customFields:Bitrix\Sale\Internals\Fields:private] => Array
                                                                                                (
                                                                                                )

                                                                                            [isClone:protected] => 
                                                                                        )

                                                                                    [eventName:protected] => 
                                                                                    [collection:protected] => Bitrix\Crm\Order\BasketPropertiesCollection Object
 *RECURSION*
                                                                                    [internalIndex:protected] => 0
                                                                                    [isClone:protected] => 
                                                                                )

                                                                            [1] => Bitrix\Crm\Order\BasketPropertyItem Object
                                                                                (
                                                                                    [fields:protected] => Bitrix\Sale\Internals\Fields Object
                                                                                        (
                                                                                            [values:protected] => Array
                                                                                                (
                                                                                                    [ID] => 178891
                                                                                                    [BASKET_ID] => 55905
                                                                                                    [NAME] => Volume
                                                                                                    [VALUE] => 1 кг
                                                                                                    [CODE] => VOLUME
                                                                                                    [SORT] => 2
                                                                                                    [XML_ID] => bx_6931b57902879
                                                                                                )

                                                                                            [changedValues:protected] => Array
                                                                                                (
                                                                                                )

                                                                                            [originalValues:Bitrix\Sale\Internals\Fields:private] => Array
                                                                                                (
                                                                                                )

                                                                                            [customFields:Bitrix\Sale\Internals\Fields:private] => Array
                                                                                                (
                                                                                                )

                                                                                            [isClone:protected] => 
                                                                                        )

                                                                                    [eventName:protected] => 
                                                                                    [collection:protected] => Bitrix\Crm\Order\BasketPropertiesCollection Object
 *RECURSION*
                                                                                    [internalIndex:protected] => 1
                                                                                    [isClone:protected] => 
                                                                                )

                                                                            [2] => Bitrix\Crm\Order\BasketPropertyItem Object
                                                                                (
                                                                                    [fields:protected] => Bitrix\Sale\Internals\Fields Object
                                                                                        (
                                                                                            [values:protected] => Array
                                                                                                (
                                                                                                    [ID] => 178892
                                                                                                    [BASKET_ID] => 55905
                                                                                                    [NAME] => Catalog XML_ID
                                                                                                    [VALUE] => offerstest2
                                                                                                    [CODE] => CATALOG.XML_ID
                                                                                                    [SORT] => 100
                                                                                                    [XML_ID] => bx_6931b579028a1
                                                                                                )

                                                                                            [changedValues:protected] => Array
                                                                                                (
                                                                                                )

                                                                                            [originalValues:Bitrix\Sale\Internals\Fields:private] => Array
                                                                                                (
                                                                                                )

                                                                                            [customFields:Bitrix\Sale\Internals\Fields:private] => Array
                                                                                                (
                                                                                                )

                                                                                            [isClone:protected] => 
                                                                                        )

                                                                                    [eventName:protected] => 
                                                                                    [collection:protected] => Bitrix\Crm\Order\BasketPropertiesCollection Object
 *RECURSION*
                                                                                    [internalIndex:protected] => 2
                                                                                    [isClone:protected] => 
                                                                                )

                                                                            [3] => Bitrix\Crm\Order\BasketPropertyItem Object
                                                                                (
                                                                                    [fields:protected] => Bitrix\Sale\Internals\Fields Object
                                                                                        (
                                                                                            [values:protected] => Array
                                                                                                (
                                                                                                    [ID] => 178893
                                                                                                    [BASKET_ID] => 55905
                                                                                                    [NAME] => Product XML_ID
                                                                                                    [VALUE] => 303765#303766
                                                                                                    [CODE] => PRODUCT.XML_ID
                                                                                                    [SORT] => 100
                                                                                                    [XML_ID] => bx_6931b579028c0
                                                                                                )

                                                                                            [changedValues:protected] => Array
                                                                                                (
                                                                                                )

                                                                                            [originalValues:Bitrix\Sale\Internals\Fields:private] => Array
                                                                                                (
                                                                                                )

                                                                                            [customFields:Bitrix\Sale\Internals\Fields:private] => Array
                                                                                                (
                                                                                                )

                                                                                            [isClone:protected] => 
                                                                                        )

                                                                                    [eventName:protected] => 
                                                                                    [collection:protected] => Bitrix\Crm\Order\BasketPropertiesCollection Object
 *RECURSION*
                                                                                    [internalIndex:protected] => 3
                                                                                    [isClone:protected] => 
                                                                                )

                                                                        )

                                                                    [index:Bitrix\Sale\Internals\EntityCollection:private] => 3
                                                                    [isClone:protected] => 
                                                                    [anyItemDeleted:protected] => 
                                                                    [anyItemAdded:protected] => 1
                                                                    [basketItem:protected] => Bitrix\Crm\Order\BasketItem Object
 *RECURSION*
                                                                )

                                                            [calculatedFields:protected] => Bitrix\Sale\Internals\Fields Object
                                                                (
                                                                    [values:protected] => Array
                                                                        (
                                                                        )

                                                                    [changedValues:protected] => Array
                                                                        (
                                                                        )

                                                                    [originalValues:Bitrix\Sale\Internals\Fields:private] => Array
                                                                        (
                                                                        )

                                                                    [customFields:Bitrix\Sale\Internals\Fields:private] => Array
                                                                        (
                                                                        )

                                                                    [isClone:protected] => 
                                                                )

                                                            [provider:protected] => 
                                                            [internalId:protected] => 55905
                                                            [bundleCollection:Bitrix\Sale\BasketItem:private] => 
                                                            [reserveQuantityCollection:protected] => 
                                                        )

                                                )

                                        )

                                    [index:Bitrix\Sale\Internals\EntityCollection:private] => 1
                                    [isClone:protected] => 
                                    [anyItemDeleted:protected] => 
                                    [anyItemAdded:protected] => 
                                    [payment:protected] => Bitrix\Crm\Order\Payment Object
 *RECURSION*
                                )

                        )

                )

            [index:Bitrix\Sale\Internals\EntityCollection:private] => 0
            [isClone:protected] => 
            [anyItemDeleted:protected] => 
            [anyItemAdded:protected] => 
            [order:protected] => Bitrix\Crm\Order\Order Object
 *RECURSION*
        )

    [tradeBindingCollection:protected] => Bitrix\Crm\Order\TradeBindingCollection Object
        (
            [collection:protected] => Array
                (
                )

            [index:Bitrix\Sale\Internals\EntityCollection:private] => -1
            [isClone:protected] => 
            [anyItemDeleted:protected] => 
            [anyItemAdded:protected] => 
            [order:protected] => Bitrix\Crm\Order\Order Object
 *RECURSION*
        )

    [printedChecks:protected] => Array
        (
        )

    [contactCompanyCollection:protected] => 
    [entityBinding:protected] => Bitrix\Crm\Order\EntityBinding Object
        (
            [fields:protected] => Bitrix\Sale\Internals\Fields Object
                (
                    [values:protected] => Array
                        (
                            [OWNER_ID] => 28770
                            [OWNER_TYPE_ID] => 2
                            [ORDER_ID] => 10976
                        )

                    [changedValues:protected] => Array
                        (
                        )

                    [originalValues:Bitrix\Sale\Internals\Fields:private] => Array
                        (
                        )

                    [customFields:Bitrix\Sale\Internals\Fields:private] => Array
                        (
                        )

                    [isClone:protected] => 
                )

            [eventName:protected] => 
            [order:Bitrix\Crm\Order\EntityBinding:private] => Bitrix\Crm\Order\Order Object
 *RECURSION*
            [isNewEntity:Bitrix\Crm\Order\EntityBinding:private] => 
            [isDeleted:Bitrix\Crm\Order\EntityBinding:private] => 
        )

    [requisiteList:Bitrix\Crm\Order\Order:private] => Array
        (
        )

)
</pre>2025-12-04 19:25:44<pre>Array
(
    [0] => 6
    [1] => 
)
</pre>2025-12-04 19:25:44<pre>The value of an argument 'name=ADDRESS' is outside the allowable range of values</pre>